3cixty_uri,3cixty_label,dbpedia_label,dbpedia_uri,score,coordinates
http://data.linkedevents.org/location/98e8c902-3d81-35dd-89cc-ae7271c33d72,Aeroport Nice Côte-d'Azur,Aéroport Nice Côte d'Azur,http://dbpedia.org/resource/Nice_Côte_d'Azur_Airport,100.0,"(43.695, 7.26261)"
http://data.linkedevents.org/location/0e3c6deb-ce1b-3632-bc5f-9b72ec774416,Allianz Riviera,Allianz Riviera,http://dbpedia.org/resource/Allianz_Riviera,100.0,"(43.7327, 7.18464)"
http://data.linkedevents.org/location/c5e5c428-0342-330e-be99-351a9c1c936f,Avenue Jean Médecin,Avenue Jean-Médecin,http://dbpedia.org/resource/Avenue_Jean_Médecin,100.0,"(43.7009, 7.26786)"
http://data.linkedevents.org/location/998bc434-34ac-4ccd-aaf1-6d627a5b832c,Avenue Jean médecin,Avenue Jean-Médecin,http://dbpedia.org/resource/Avenue_Jean_Médecin,100.0,"(43.7006, 7.26802)"
http://data.linkedevents.org/location/1db0128e-60f3-32ef-8241-de334d241ad8,Avenue Jean-Médecin,Avenue Jean-Médecin,http://dbpedia.org/resource/Avenue_Jean_Médecin,100.0,"(43.7006, 7.26802)"
http://data.linkedevents.org/location/5c2fe4dd-fa05-3211-adaf-32f7652e21a8,Aéroport Nice Côte d’Azur,Aéroport Nice Côte d'Azur,http://dbpedia.org/resource/Nice_Côte_d'Azur_Airport,100.0,"(43.6607, 7.20892)"
http://data.linkedevents.org/location/1acb1681-f68e-44d5-9935-461094849699,Aéroport de Nice-Côte d'Azur,Aéroport de Nice-Côte d'Azur,http://dbpedia.org/resource/Nice_Côte_d'Azur_Airport,100.0,"(43.6656, 7.21461)"
http://data.linkedevents.org/location/fe4f6290-77c5-33e5-82eb-a6edf97067d6,Basilique Notre-Dame de Nice,Basilique Notre-Dame de Nice,http://dbpedia.org/resource/Notre-Dame_de_Nice,100.0,"(43.7032, 7.26579)"
http://data.linkedevents.org/location/477208d2-9ce0-310d-b39d-e4fb4aeff229,Cantón de Saint-Laurent-du-Var-Cagnes-sur-Mer-Este,Cantón de Saint-Laurent-du-Var-Cagnes-sur-Mer-Este,http://dbpedia.org/resource/Canton_of_Saint-Laurent-du-Var-Cagnes-sur-Mer-Est,100.0,"(43.6681, 7.18806)"
http://data.linkedevents.org/location/a540e533-b401-3a7b-9a03-5bb88d551d6a,Cantón de Villefranche-sur-Mer,Canton de Villefranche-sur-Mer,http://dbpedia.org/resource/Canton_of_Villefranche-sur-Mer,100.0,"(43.705, 7.3125)"
http://data.linkedevents.org/location/bad5f672-098a-35a1-9137-50c8dffee878,Carnaval De Nice,Carnaval de Nice,http://dbpedia.org/resource/Nice_Carnival,100.0,"(43.6971, 7.27081)"
http://data.linkedevents.org/location/4f65536a-760a-3393-bc68-fdaf230c5c85,Castle of Nice,Castle of Nice,http://dbpedia.org/resource/Castle_of_Nice,100.0,"(43.696, 7.27968)"
http://data.linkedevents.org/location/2f46028d-567c-4b0c-998a-0844562c7c41,Cathédrale Saint-Nicolas de Nice,Cathédrale Saint-Nicolas de Nice,"http://dbpedia.org/resource/Russian_Orthodox_Cathedral,_Nice",100.0,"(43.7038, 7.25397)"
http://data.linkedevents.org/location/c815138a-075d-4736-9302-1b6695429470,Château de Nice,Château de Nice,http://dbpedia.org/resource/Castle_of_Nice,100.0,"(43.696, 7.27968)"
http://data.linkedevents.org/location/7a47c850-88e1-3b25-8ddb-6dcefef9c4c3,Cimetière du Château,Cimetière du Château,http://dbpedia.org/resource/Cimetière_du_Château,100.0,"(43.6981, 7.28057)"
http://data.linkedevents.org/location/224d7a02-67b6-3e61-9d1e-b28fbf55aa8d,Cimetière du château,Cimetière du Château,http://dbpedia.org/resource/Cimetière_du_Château,100.0,"(43.6961, 7.27179)"
http://data.linkedevents.org/location/89ebd637-984e-3444-a22c-cc7bd04694d8,Falicon,Falicon,http://dbpedia.org/resource/Falicon,100.0,"(43.75, 7.28333)"
http://data.linkedevents.org/location/5207780a-8983-3748-8259-6fa517ce4024,Grand Hotel Du Cap Ferrat,Grand-Hôtel du Cap-Ferrat,http://dbpedia.org/resource/Grand-Hôtel_du_Cap-Ferrat,100.0,"(43.6839, 7.23264)"
http://data.linkedevents.org/location/ea5a808a-6769-4813-8fc4-650aa0887aeb,Hotel Negresco,Hotel Negresco,http://dbpedia.org/resource/Hotel_Negresco,100.0,"(43.6947, 7.25802)"
http://data.linkedevents.org/location/ff117b4f-bcca-3620-950a-4478b9154697,Jardín Botánico de Niza,Jardín Botánico de Niza,http://dbpedia.org/resource/Jardin_botanique_de_la_Ville_de_Nice,100.0,"(43.6851, 7.2101)"
http://data.linkedevents.org/location/eb043ada-a049-3952-9149-f3cc9070e880,Les Cedres,Les Cèdres,http://dbpedia.org/resource/Jardin_botanique_%22Les_Cèdres%22,100.0,"(43.6897, 7.23895)"
http://data.linkedevents.org/location/bdaf5e33-8469-39d5-8c9f-e60cbedac8e8,"Magnan, Nice",Magnan (Nice),http://dbpedia.org/resource/Magnan_(river),100.0,"(43.7139, 7.23644)"
http://data.linkedevents.org/location/274fc357-6730-4b4f-a779-d2d99845bca0,Musée International d’art Naif Anatole Jakovsky,Musée international d'art naïf Anatole Jakovsky,http://dbpedia.org/resource/Musée_international_d'Art_naïf_Anatole_Jakovsky,100.0,"(43.6862, 7.23286)"
http://data.linkedevents.org/location/1e71ebd3-d495-4c35-88ff-3f749b65263b,Musée Matisse,Musée Matisse,http://dbpedia.org/resource/Musée_Matisse_(Nice),100.0,"(43.7195, 7.27601)"
http://data.linkedevents.org/location/d91874f6-b885-3362-9dd5-180114c6ddd7,Negresco,Negresco,http://dbpedia.org/resource/Hotel_Negresco,100.0,"(43.7003, 7.25248)"
http://data.linkedevents.org/location/9ff42bb1-0cf8-3cd1-a80b-11b271a115e5,Nellcôte,Nellcôte,http://dbpedia.org/resource/Nellcôte,100.0,"(43.7018, 7.32153)"
http://data.linkedevents.org/location/1285a0ea-7eba-33e5-ad93-63941cef1dd4,Nice,Nice,http://dbpedia.org/resource/Nice,100.0,"(43.7393, 7.26982)"
http://data.linkedevents.org/location/2188c6d9-da1e-3cc8-a7ce-21cd5c53ec2a,Nice,Nice,http://dbpedia.org/resource/Nice,100.0,"(43.7301, 7.18837)"
http://data.linkedevents.org/location/2e7cb4ef-677d-3c62-9ff5-d23f7ba3d742,Nice,Nice,http://dbpedia.org/resource/Nice,100.0,"(43.6937, 7.28808)"
http://data.linkedevents.org/location/37cf7093-762b-3949-ad57-6121d377b9d4,Nice,Nice,http://dbpedia.org/resource/Nice,100.0,"(43.6831, 7.2339)"
http://data.linkedevents.org/location/4eae8325-8bd2-378c-a90e-07b9503e8258,Nice,Nice,http://dbpedia.org/resource/Nice,100.0,"(43.7041, 7.29785)"
http://data.linkedevents.org/location/50fbac29-c16d-3f28-b022-b322ae1102c8,Nice,Nice,http://dbpedia.org/resource/Nice,100.0,"(43.7012, 7.26853)"
http://data.linkedevents.org/location/c618ee8b-760a-34ab-b674-0e633138bef3,Nice,Nice,http://dbpedia.org/resource/Nice,100.0,"(43.6949, 7.26736)"
http://data.linkedevents.org/location/d784a8e1-c8e4-3bcb-a09b-6623e46639af,Nice,Nice,http://dbpedia.org/resource/Nice,100.0,"(43.6922, 7.24428)"
http://data.linkedevents.org/location/dcadce63-5660-3fcb-b184-3044a2a40c33,Nice,Nice,http://dbpedia.org/resource/Nice,100.0,"(43.7027, 7.26685)"
http://data.linkedevents.org/location/ee1882f9-14ac-341a-84fb-4a36f4387152,Nice,Nice,http://dbpedia.org/resource/Nice,100.0,"(43.694, 7.25978)"
http://data.linkedevents.org/location/f38d0aa8-a830-3abf-93b9-dabf6c7e549d,Nice,Nice,http://dbpedia.org/resource/Nice,100.0,"(43.7269, 7.2629)"
http://data.linkedevents.org/location/579aa423-cb1b-3d35-90d5-ef482aa093ad,Nice Lawn Tennis Club,Nice Lawn Tennis Club,http://dbpedia.org/resource/Nice_Lawn_Tennis_Club,100.0,"(43.7043, 7.25188)"
http://data.linkedevents.org/location/0b4e13ed-1681-3a73-b3d0-0b2e0e711ef9,Niza,Niza,http://dbpedia.org/resource/Nice,100.0,"(43.7034, 7.2663)"
http://data.linkedevents.org/location/ca1ecfc9-6d74-327e-a949-060d0a847d10,Observatoire Oceanologique de Villefranche,Observatoire Oceanologique de Villefranche,http://dbpedia.org/resource/Observatoire_Oceanologique_de_Villefranche,100.0,"(43.6964, 7.30667)"
http://data.linkedevents.org/location/759f64c3-8b08-499c-89a2-81db3d2e3b76,Observatoire de Nice,Observatoire de Nice,http://dbpedia.org/resource/Nice_Observatory,100.0,"(43.7274, 7.29907)"
http://data.linkedevents.org/location/4f8cc02a-dd95-379a-b1e2-c6a9345d3781,Ogc nice,OGC Nice,http://dbpedia.org/resource/OGC_Nice,100.0,"(43.7034, 7.25348)"
http://data.linkedevents.org/location/8def51a5-de30-37ac-9d10-8e83fde2638f,Olympique Gymnaste Club de Nice-Côte d'Azur,Olympique Gymnaste Club de Nice Côte d'Azur,http://dbpedia.org/resource/OGC_Nice,100.0,"(43.7054, 7.19442)"
http://data.linkedevents.org/location/37012dce-9584-49c9-af70-68dc192a9ef4,Opéra de Nice,Opéra de Nice,http://dbpedia.org/resource/Opéra_de_Nice,100.0,"(43.6954, 7.27255)"
http://data.linkedevents.org/location/ce05490c-b7eb-3b0f-b8cd-d4439079684f,Opéra de Nice,Opéra de Nice,http://dbpedia.org/resource/Opéra_de_Nice,100.0,"(43.6958, 7.27156)"
http://data.linkedevents.org/location/20a9c6d5-434c-4aa3-a0d6-9e40f090ed8f,Palais Lascaris,Palais Lascaris,http://dbpedia.org/resource/Palais_Lascaris,100.0,"(43.6977, 7.27725)"
http://data.linkedevents.org/location/803dddd2-91ed-3328-84fa-1c87df8ec5e4,Palais Lascaris,Palais Lascaris,http://dbpedia.org/resource/Palais_Lascaris,100.0,"(43.6977, 7.27725)"
http://data.linkedevents.org/location/ff2228b7-e347-43c0-bb7d-501a0171636c,Palais Nikaia,Palais Nikaia,http://dbpedia.org/resource/Palais_Nikaia,100.0,"(43.6785, 7.19897)"
http://data.linkedevents.org/location/cad9c74a-e1d8-476c-b874-72d5577f163e,Parc Phoenix,Parc Phœnix,http://dbpedia.org/resource/Parc_Phœnix,100.0,"(43.6683, 7.21754)"
http://data.linkedevents.org/location/34f7c16b-9051-38c5-84eb-8bb727b9b803,Parc Phoenix Nice,Parc Phœnix,http://dbpedia.org/resource/Parc_Phœnix,100.0,"(43.6742, 7.19706)"
http://data.linkedevents.org/location/87f277f2-5162-3bc7-b647-5192c3f1dc8e,Parc Phœnix,Parc Phœnix,http://dbpedia.org/resource/Parc_Phœnix,100.0,"(43.6683, 7.21754)"
http://data.linkedevents.org/location/2771d356-a039-3f8b-ad0f-358acffaee17,Promenade des Anglais,Promenade des Anglais,http://dbpedia.org/resource/Promenade_des_Anglais,100.0,"(43.6934, 7.25476)"
http://data.linkedevents.org/location/81d857b7-9195-4cb0-a0ad-127b9924ee92,Promenade des Anglais,Promenade des Anglais,http://dbpedia.org/resource/Promenade_des_Anglais,100.0,"(43.6911, 7.2475)"
http://data.linkedevents.org/location/e5e52f18-e8c3-3b35-8674-88524b23a10e,"Russian Orthodox Cemetery, Nice","Russian Orthodox Cemetery, Nice","http://dbpedia.org/resource/Russian_Orthodox_Cemetery,_Nice",100.0,"(43.6783, 7.21611)"
http://data.linkedevents.org/location/b6790887-3582-37f0-80d7-8ac91003930d,Saint-André-de-la-Roche,Saint-André-de-la-Roche,http://dbpedia.org/resource/Saint-André-de-la-Roche,100.0,"(43.7489, 7.28424)"
http://data.linkedevents.org/location/ffc2adaf-5478-3402-8985-6cd21edd092b,Saint-André-de-la-Roche,Saint-André-de-la-Roche,http://dbpedia.org/resource/Saint-André-de-la-Roche,100.0,"(43.7411, 7.2883)"
http://data.linkedevents.org/location/09d76e37-e222-3951-af84-4102c19fc533,Saint-Laurent-du-Var,Saint-Laurent-du-Var,http://dbpedia.org/resource/Saint-Laurent-du-Var,100.0,"(43.668, 7.188)"
http://data.linkedevents.org/location/2e6a7e7a-74c6-3a53-bc3a-b842404d460a,"Sainte Jeanne d'Arc, Nice","Sainte Jeanne d'Arc, Nice","http://dbpedia.org/resource/Sainte_Jeanne_d'Arc,_Nice",100.0,"(43.7134, 7.2626)"
http://data.linkedevents.org/location/4c37ff07-84f9-3bbd-8684-e132bef031c2,Stade du Ray,Stade du Ray,http://dbpedia.org/resource/Stade_du_Ray,100.0,"(43.6823, 7.22852)"
http://data.linkedevents.org/location/8c3490cf-d609-4a96-8b78-542de8aa3754,Stade du Ray,Stade du Ray,http://dbpedia.org/resource/Stade_du_Ray,100.0,"(43.7233, 7.25875)"
http://data.linkedevents.org/location/a7eb8d2a-1424-3750-8772-52fcce6695ce,Stadio Charles Ehrmann,Stadio Charles Ehrmann,http://dbpedia.org/resource/Stade_Charles-Ehrmann,100.0,"(43.6783, 7.19778)"
http://data.linkedevents.org/location/e8eb056b-a24b-36ea-bff3-b7fee89f4c51,Terra Amata (archaeological site),Terra Amata (archaeological site),http://dbpedia.org/resource/Terra_Amata_(archaeological_site),100.0,"(43.6978, 7.28944)"
http://data.linkedevents.org/location/e924c2b4-fd26-3610-a746-6dcc73cd68c1,Villa Leopolda,Villa Leopolda,http://dbpedia.org/resource/Villa_Leopolda,100.0,"(43.7094, 7.32111)"
http://data.linkedevents.org/location/d8430e07-cd64-31d6-804f-bda1f16ffc93,Villa Paradiso,Villa Paradiso,http://dbpedia.org/resource/Villa_Paradiso,100.0,"(43.7091, 7.27208)"
http://data.linkedevents.org/location/0cac804e-4909-3326-83a6-c24757325011,Villefranche-sur-Mer,Villefranche-sur-Mer,http://dbpedia.org/resource/Villefranche-sur-Mer,100.0,"(43.7036, 7.31208)"
http://data.linkedevents.org/location/c827deef-47f2-369a-8f3a-59a4f76a3dc4,Villefranche-sur-Mer,Villefranche-sur-Mer,http://dbpedia.org/resource/Villefranche-sur-Mer,100.0,"(43.7042, 7.31167)"
http://data.linkedevents.org/location/7d6d0cad-d27e-365d-9751-236b3563baef,drap,Drap,http://dbpedia.org/resource/Drap,100.0,"(43.751, 7.32169)"
http://data.linkedevents.org/location/45624bb8-ead6-327c-9c72-b5fcec1252a3,villa Kerylos,Villa Kerylos,http://dbpedia.org/resource/Villa_Kerylos,100.0,"(43.6943, 7.27809)"
http://data.linkedevents.org/location/e5a7b599-f1a3-34c3-aa96-b8976fde65e2,Ницца,Ницца,http://dbpedia.org/resource/Nice,100.0,"(43.7034, 7.2663)"
http://data.linkedevents.org/location/01efe89a-f3c9-3941-a431-1e2167a3c1c6,ملعب تشارلز-أرمان,ملعب تشارلز-أرمان,http://dbpedia.org/resource/Stade_Charles-Ehrmann,100.0,"(43.6783, 7.19778)"
http://data.linkedevents.org/location/25cf9930-650e-41c8-9e7f-987666e2f721,Musée d'art moderne et d'art contemprorain,Musée d'Art Moderne et d'Art Contemporain,http://dbpedia.org/resource/Musée_d'art_moderne_et_d'art_contemporain,98.6,"(43.7014, 7.27852)"
http://data.linkedevents.org/location/f9b67ce3-84e3-35b4-b498-d617ef454a77,Olympique Gymnase Club Nice Côte d'Azur,Olympique Gymnaste Club Nice Côte d'Azur,http://dbpedia.org/resource/OGC_Nice,98.2,"(43.7243, 7.2587)"
http://data.linkedevents.org/location/5b9d3677-9ad5-3643-94ac-6e72541c2833,Acropolis,Acropolis (Nice),http://dbpedia.org/resource/Palais_des_Congrès_Acropolis,98.0,"(43.6794, 7.20115)"
http://data.linkedevents.org/location/c19f553c-06cd-3dee-8626-fa4e801fc664,Acropolis,Acropolis (Nice),http://dbpedia.org/resource/Palais_des_Congrès_Acropolis,98.0,"(43.7047, 7.2808)"
http://data.linkedevents.org/location/9a5dc035-9263-357b-8d7b-cf22476b6989,Au Parc Phoenix Nice,Parc Phœnix,http://dbpedia.org/resource/Parc_Phœnix,97.4,"(43.6682, 7.21531)"
http://data.linkedevents.org/location/19a7b596-f6eb-3161-88a5-b54fe7640876,Magnan,Magnan (Nice),http://dbpedia.org/resource/Magnan_(river),97.4,"(43.6917, 7.24577)"
http://data.linkedevents.org/location/3951c4aa-c112-3891-938e-1277e023228f,Magnan,Magnan (Nice),http://dbpedia.org/resource/Magnan_(river),97.4,"(43.6919, 7.24483)"
http://data.linkedevents.org/location/e4a459b4-83b7-3000-bfc4-bd2f97a6b812,Magnan,Magnan (Nice),http://dbpedia.org/resource/Magnan_(river),97.4,"(43.6903, 7.24583)"
http://data.linkedevents.org/location/2aac7f79-9c93-3c37-8325-3f3646f2c275,Au Château De Nice,Château de Nice,http://dbpedia.org/resource/Castle_of_Nice,97.2,"(43.7253, 7.28531)"
http://data.linkedevents.org/location/93df7523-3b28-3a9e-b745-97be2eecc7b8,Dojo Saint Laurent Du Var,Saint-Laurent-du-Var,http://dbpedia.org/resource/Saint-Laurent-du-Var,97.2,"(43.6879, 7.18402)"
http://data.linkedevents.org/location/5cb16447-06b1-3450-851b-f903dd619515,Le Negresco Nice,Negresco,http://dbpedia.org/resource/Hotel_Negresco,97.0,"(43.6695, 7.2165)"
http://data.linkedevents.org/location/5f0763a9-c71e-3633-9b7e-5d781bcf6deb,Le Paillon,Paillon,http://dbpedia.org/resource/Paillon,96.8,"(43.7119, 7.28395)"
http://data.linkedevents.org/location/d8651d73-c7d3-38a7-a3a7-10adc8385f9b,Le Paillon,Paillon,http://dbpedia.org/resource/Paillon,96.8,"(43.7359, 7.3045)"
http://data.linkedevents.org/location/d5dc87d3-e5da-3766-8bf0-f969fe67874f,"[u'ACTUAL SAINT LAURENT DU VAR', u""Actual l'Agencemploi""]",Saint-Laurent-du-Var,http://dbpedia.org/resource/Saint-Laurent-du-Var,96.6,"(43.6776, 7.19056)"
http://data.linkedevents.org/location/57de060e-82b6-3749-bc1a-b4609915b0d5,Common Saint Laurent Du Var,Saint-Laurent-du-Var,http://dbpedia.org/resource/Saint-Laurent-du-Var,96.6,"(43.6776, 7.18386)"
http://data.linkedevents.org/location/f2ceec1c-efae-3d19-b6fa-b7b87bede75f,Common Saint Laurent Du Var,Saint-Laurent-du-Var,http://dbpedia.org/resource/Saint-Laurent-du-Var,96.6,"(43.6745, 7.188)"
http://data.linkedevents.org/location/2fb8af44-c116-3e3b-a9a9-affe5149f749,EEDF Saint Laurent du Var,Saint-Laurent-du-Var,http://dbpedia.org/resource/Saint-Laurent-du-Var,96.4,"(43.6734, 7.22533)"
http://data.linkedevents.org/location/25d5106a-2606-483f-be18-a6f7aefcad62,Stade Allianz Riviera,Allianz Riviera,http://dbpedia.org/resource/Allianz_Riviera,96.4,"(43.7049, 7.19261)"
http://data.linkedevents.org/location/898b3d4a-11aa-38e9-9e2c-17332c6d3622,AUTOZEN SAINT LAURENT DU VAR,Saint-Laurent-du-Var,http://dbpedia.org/resource/Saint-Laurent-du-Var,96.2,"(43.6976, 7.18415)"
http://data.linkedevents.org/location/5dbedb07-000d-3fc6-8cba-9942ea799dfa,Alianz Riviera,Allianz Riviera,http://dbpedia.org/resource/Allianz_Riviera,96.2,"(43.7513, 7.21687)"
http://data.linkedevents.org/location/5913971c-a50b-35fe-9d21-a3175b760029,Baie De Villefranche Sur Mer,Villefranche-sur-Mer,http://dbpedia.org/resource/Villefranche-sur-Mer,96.2,"(43.6942, 7.30598)"
http://data.linkedevents.org/location/2526f97d-c74d-37c2-b390-968e3d7c61cd,Gare de Villefranche-sur-Mer,Villefranche-sur-Mer,http://dbpedia.org/resource/Villefranche-sur-Mer,96.2,"(43.707, 7.31428)"
http://data.linkedevents.org/location/63b6b680-16a0-3dbc-bfbc-1ce1f0a93327,CHU Cimiez,Cimiez,http://dbpedia.org/resource/Cimiez,96.0,"(43.7186, 7.26191)"
http://data.linkedevents.org/location/b5183cee-7d9a-3085-825f-ace9c1522f04,Museo Marc-Chagall,Musée Marc Chagall,http://dbpedia.org/resource/Musée_Marc_Chagall,96.0,"(43.7092, 7.26954)"
http://data.linkedevents.org/location/d37f7ce8-58e4-3e38-8bd1-ec4f7ab8066a,Stade Charles Erhmann,Stade Charles-Ehrmann,http://dbpedia.org/resource/Stade_Charles-Ehrmann,96.0,"(43.7053, 7.26456)"
http://data.linkedevents.org/location/be084093-7487-4c11-aad0-0abaaa298ca6,Stade Charles ehhmann,Stade Charles-Ehrmann,http://dbpedia.org/resource/Stade_Charles-Ehrmann,96.0,"(43.6782, 7.19769)"
http://data.linkedevents.org/location/86980b77-76ea-375c-b3d7-1b78566e5818,Villefrenche Sur Mer,Villefranche-sur-Mer,http://dbpedia.org/resource/Villefranche-sur-Mer,96.0,"(43.6919, 7.29435)"
http://data.linkedevents.org/location/103a13a2-b8a5-3974-95cf-485ab7015848,"[u'Centre international de formation europ\xe9enne CIFE', u'Cife']",Centre International de Formation Européenne,http://dbpedia.org/resource/Centre_International_de_Formation_Européenne,95.6,"(43.6952, 7.25418)"
http://data.linkedevents.org/location/2ab8fb6e-aea1-3c67-958c-163fb4cc7183,EDHEC Nice,BBA EDHEC,http://dbpedia.org/resource/Espeme,95.6,"(43.6784, 7.22976)"
http://data.linkedevents.org/location/a3fbc2fb-0bf1-337d-b643-b8cbf4678741,Jeep Saint Laurent du Var,Saint-Laurent-du-Var,http://dbpedia.org/resource/Saint-Laurent-du-Var,95.6,"(43.6613, 7.19561)"
http://data.linkedevents.org/location/f79d0283-b4bd-3211-9ad5-14ade37f4c46,Mairie de Villefranche sur Mer,Villefranche-sur-Mer,http://dbpedia.org/resource/Villefranche-sur-Mer,95.6,"(43.7028, 7.3112)"
http://data.linkedevents.org/location/f487d9c1-abd6-3333-96ef-bf77e7eb5326,"[u'Mairie de Villefranche-sur-Mer', u'Ville de Villefranche-sur-Mer']",Villefranche-sur-Mer,http://dbpedia.org/resource/Villefranche-sur-Mer,95.6,"(43.7014, 7.31078)"
http://data.linkedevents.org/location/8d12765a-dd7c-32cb-8635-0c495e78330a,Warp Zone Saint Laurent Du Var,Saint-Laurent-du-Var,http://dbpedia.org/resource/Saint-Laurent-du-Var,95.6,"(43.6667, 7.19197)"
http://data.linkedevents.org/location/3f428c09-6f1e-3091-914e-0e1613fcdbd7,Alternance Saint Laurent du Var,Saint-Laurent-du-Var,http://dbpedia.org/resource/Saint-Laurent-du-Var,95.4,"(43.6611, 7.19616)"
http://data.linkedevents.org/location/0fc235ad-be8b-36e9-997f-ff5572b1ee22,Commune de Saint Laurent du Var,Saint-Laurent-du-Var,http://dbpedia.org/resource/Saint-Laurent-du-Var,95.4,"(43.6748, 7.18853)"
http://data.linkedevents.org/location/07bb9e2a-3c02-3ad5-86d5-7f69f8b761c7,Parking P3 (Aeroport Nice Cote d'Azur),Aéroport Nice Côte d'Azur,http://dbpedia.org/resource/Nice_Côte_d'Azur_Airport,95.4,"(43.6953, 7.26278)"
http://data.linkedevents.org/location/fe3b7bf8-4669-3297-a086-295051b2895f,"[u""Tripndrive A\xe9roport Nice C\xf4te d'Azur"", u""Tripndrive A\xe9roport Nice C\xf4te d'Azur - Location de voiture""]",Aéroport Nice Côte d'Azur,http://dbpedia.org/resource/Nice_Côte_d'Azur_Airport,95.4,"(43.6989, 7.18964)"
http://data.linkedevents.org/location/fe2ba476-a5ad-32e5-a13b-c60612c0ff33,Beauty derm Villefranche-sur-Mer,Villefranche-sur-Mer,http://dbpedia.org/resource/Villefranche-sur-Mer,95.2,"(43.7029, 7.30918)"
http://data.linkedevents.org/location/e88661b1-315d-3057-8087-a9625536a5e3,SCI Magnan,Magnan (Nice),http://dbpedia.org/resource/Magnan_(river),95.2,"(43.6907, 7.24292)"
http://data.linkedevents.org/location/a98a064b-1b7a-462d-b8df-3dfcc05a7c67,Théâtre de verdure,Théâtre de verdure de Nice,http://dbpedia.org/resource/Théâtre_de_verdure_de_Nice,95.2,"(43.6957, 7.2678)"
http://data.linkedevents.org/location/7456938c-522d-3db3-b7c3-9b2bc69da5e9,Villa Nellcote,Nellcôte,http://dbpedia.org/resource/Nellcôte,95.2,"(43.7032, 7.32231)"
http://data.linkedevents.org/location/c5e63764-b01f-39a1-b9b3-8075bd808930,"Jean Medecin, Nice",Avenue Jean-Médecin,http://dbpedia.org/resource/Avenue_Jean_Médecin,95.0,"(43.7094, 7.29277)"
http://data.linkedevents.org/location/bacb7f02-cc38-31e7-8a31-17c26955c505,Nice-saint Laurent Du Var,Saint-Laurent-du-Var,http://dbpedia.org/resource/Saint-Laurent-du-Var,95.0,"(43.6627, 7.1899)"
http://data.linkedevents.org/location/2e361e60-56e1-3321-82d4-0b42b51559b3,Villefance-sur-Mer,Villefranche-sur-Mer,http://dbpedia.org/resource/Villefranche-sur-Mer,95.0,"(43.7045, 7.3124)"
http://data.linkedevents.org/location/4c9e21b0-15b1-3586-b584-39c4b1f7381b,Arroport Nice Cote D' Azur,Aéroport Nice Côte d'Azur,http://dbpedia.org/resource/Nice_Côte_d'Azur_Airport,94.8,"(43.666, 7.21347)"
http://data.linkedevents.org/location/34cdd9e5-d07d-3131-a606-c855eb1027a6,Nice Ville - Promenade Des Anglais,Promenade des Anglais,http://dbpedia.org/resource/Promenade_des_Anglais,94.8,"(43.6919, 7.24932)"
http://data.linkedevents.org/location/79f83901-c5f5-3353-a0b7-b47d45828335,Gare de Saint-Laurent du Var,Saint-Laurent-du-Var,http://dbpedia.org/resource/Saint-Laurent-du-Var,94.6,"(43.6627, 7.19418)"
http://data.linkedevents.org/location/3d8f4fbc-9dff-3680-bac3-ace51ca01a9f,Gare de Saint-Laurent-du-Var,Saint-Laurent-du-Var,http://dbpedia.org/resource/Saint-Laurent-du-Var,94.6,"(43.6624, 7.19454)"
http://data.linkedevents.org/location/2b4dbce7-a191-38ed-a11f-b5fb5aa078b4,IAE (Institut d'Administration des Entreprises),Institut d'administration des entreprises de Nice,http://dbpedia.org/resource/IAE_Nice,94.6,"(43.7091, 7.28854)"
http://data.linkedevents.org/location/693eab7d-8d25-313b-b6ed-3eac9549c340,Jeanne d'Arc,"Sainte Jeanne d'Arc, Nice","http://dbpedia.org/resource/Sainte_Jeanne_d'Arc,_Nice",94.4,"(43.663, 7.19065)"
http://data.linkedevents.org/location/36087d80-5af4-3649-83ad-23a922bcaa6c,LCL Saint Laurent du Var,Saint-Laurent-du-Var,http://dbpedia.org/resource/Saint-Laurent-du-Var,94.4,"(43.6746, 7.18924)"
http://data.linkedevents.org/location/7037f474-a0d1-3e31-a2cd-50d3be563456,Negressco Nice,Negresco,http://dbpedia.org/resource/Hotel_Negresco,94.4,"(43.6947, 7.25526)"
http://data.linkedevents.org/location/c7f1ee32-df85-3717-8195-e2767351f9b8,Stade de Saint Laurent du Var,Saint-Laurent-du-Var,http://dbpedia.org/resource/Saint-Laurent-du-Var,94.4,"(43.6734, 7.19228)"
http://data.linkedevents.org/location/a1892e16-00a7-39f6-a5b0-2f60a70e28f9,Suzuki Saint Laurent du Var,Saint-Laurent-du-Var,http://dbpedia.org/resource/Saint-Laurent-du-Var,94.2,"(43.6734, 7.18974)"
http://data.linkedevents.org/location/0cfa2697-a099-317d-9d44-d4b1f6966de9,Cathédrale Saint Nicolas,Cathédrale Saint-Nicolas de Nice,"http://dbpedia.org/resource/Russian_Orthodox_Cathedral,_Nice",94.0,"(43.7038, 7.25395)"
http://data.linkedevents.org/location/2dff4d67-78ed-3062-b6fc-09768eaab5a7,Cathédrale Saint-Nicolas,Cathédrale Saint-Nicolas de Nice,"http://dbpedia.org/resource/Russian_Orthodox_Cathedral,_Nice",94.0,"(43.7038, 7.25389)"
http://data.linkedevents.org/location/d31e5d0d-18f9-4ec9-8792-1ba3421cb4c5,Cathédrale Sainte-Réparate,Cathédrale Sainte-Réparate de Nice,http://dbpedia.org/resource/Nice_Cathedral,94.0,"(43.6972, 7.2758)"
http://data.linkedevents.org/location/3fd1f8ed-0c77-33a5-9a2b-0a839840f482,Eglise Sainte-Jeanne d'Arc,Église Sainte-Jeanne-d'Arc de Nice,"http://dbpedia.org/resource/Sainte_Jeanne_d'Arc,_Nice",94.0,"(43.7132, 7.26302)"
http://data.linkedevents.org/location/82cbb8f6-f597-3bbf-80d1-4c84a4b6f92c,Hôtel Magnan,Magnan (Nice),http://dbpedia.org/resource/Magnan_(river),94.0,"(43.6913, 7.24517)"
http://data.linkedevents.org/location/abf1bf20-c243-32da-b246-72bbf7fa98d1,La Promenade Des Anglais ( Nice ),Promenade des Anglais,http://dbpedia.org/resource/Promenade_des_Anglais,94.0,"(43.6763, 7.20296)"
http://data.linkedevents.org/location/0cd0d1de-6059-315c-8159-7f6a0efd3773,Lycée Magnan,Magnan (Nice),http://dbpedia.org/resource/Magnan_(river),94.0,"(43.6943, 7.24823)"
http://data.linkedevents.org/location/196f765e-6f9d-36bf-a6f1-d3f097b81a30,OGCN,OGC Nice,http://dbpedia.org/resource/OGC_Nice,94.0,"(43.7243, 7.25613)"
http://data.linkedevents.org/location/d3e243d9-26b0-34ca-973f-2c5b2acd7b7b,Palais Nikaya,Palais Nikaia,http://dbpedia.org/resource/Palais_Nikaia,94.0,"(43.6998, 7.25043)"
http://data.linkedevents.org/location/deb6ed1d-12c6-3340-a8d8-5c99896f310e,Plage Magnan,Magnan (Nice),http://dbpedia.org/resource/Magnan_(river),94.0,"(43.691, 7.24622)"
http://data.linkedevents.org/location/c4b0ed45-7c8f-381b-a883-f15853c0499a,Poste Magnan,Magnan (Nice),http://dbpedia.org/resource/Magnan_(river),94.0,"(43.6873, 7.23787)"
http://data.linkedevents.org/location/1b3c7f83-243b-39e9-8e2f-18804e757d30,Salle Magnan,Magnan (Nice),http://dbpedia.org/resource/Magnan_(river),94.0,"(43.6929, 7.2436)"
http://data.linkedevents.org/location/7b5cb13e-a303-3fa8-add1-d414c5c69a06,Villefranche Saint Jean Cap Ferrat,Saint-Jean-Cap-Ferrat,http://dbpedia.org/resource/Saint-Jean-Cap-Ferrat,94.0,"(43.6938, 7.29331)"
http://data.linkedevents.org/location/3ed50c3c-e77f-348b-ac11-20f48ebaca13,lycee magnan,Magnan (Nice),http://dbpedia.org/resource/Magnan_(river),94.0,"(43.6941, 7.2475)"
http://data.linkedevents.org/location/7b449db3-9849-312f-be0f-60327763ba74,Église Sainte-Jeanne-d'Arc,Église Sainte-Jeanne-d'Arc de Nice,"http://dbpedia.org/resource/Sainte_Jeanne_d'Arc,_Nice",94.0,"(43.7131, 7.26325)"
http://data.linkedevents.org/location/f1b5b337-ff3a-4ccc-9cc0-11b8fa9307df,Église Sainte-Jeanne-d'Arc,Église Sainte-Jeanne-d'Arc de Nice,"http://dbpedia.org/resource/Sainte_Jeanne_d'Arc,_Nice",94.0,"(43.7134, 7.2626)"
http://data.linkedevents.org/location/3b1e850f-1679-3e2c-b617-fc545e2683be,Église de Saint-Laurent du Var,Saint-Laurent-du-Var,http://dbpedia.org/resource/Saint-Laurent-du-Var,94.0,"(43.6756, 7.19021)"
http://data.linkedevents.org/location/ea2252a0-99c1-3941-bbcc-cec0dd6eb45e,Agence Comté De Nice,Comté de Nice,http://dbpedia.org/resource/County_of_Nice,93.8,"(43.7407, 7.31082)"
http://data.linkedevents.org/location/19b6cb48-539c-3f9a-a76f-bd6c8b15347f,Art Beach Cagnes Sur Mer,Cagnes-sur-Mer,http://dbpedia.org/resource/Cagnes-sur-Mer,93.8,"(43.5678, 7.07248)"
http://data.linkedevents.org/location/bbf21284-31c1-3d3c-b77c-0967827e12c1,Capitainerie Villefranche Sur Mer,Villefranche-sur-Mer,http://dbpedia.org/resource/Villefranche-sur-Mer,93.8,"(43.7015, 7.30673)"
http://data.linkedevents.org/location/ab865e47-a732-3781-adf9-272f850af9f3,Citadelle De Villefranche sur Mer,Villefranche-sur-Mer,http://dbpedia.org/resource/Villefranche-sur-Mer,93.8,"(43.701, 7.31073)"
http://data.linkedevents.org/location/c62cc425-c12a-37ab-9d51-08d3cc5c0703,"Cocody Beach, Saint Laurent Du Var",Saint-Laurent-du-Var,http://dbpedia.org/resource/Saint-Laurent-du-Var,93.8,"(43.6579, 7.1892)"
http://data.linkedevents.org/location/00e01cd7-67c5-35d7-8128-980a6c6b389d,Cta Arrondissement De Nice,Arrondissement de Nice,http://dbpedia.org/resource/Arrondissement_of_Nice,93.8,"(43.7099, 7.19629)"
http://data.linkedevents.org/location/502fda39-3121-39dd-8703-4aeb20c36353,En ville à Saint-Laurent-du-Var,Saint-Laurent-du-Var,http://dbpedia.org/resource/Saint-Laurent-du-Var,93.8,"(43.6667, 7.18333)"
http://data.linkedevents.org/location/eef6f55b-d266-3586-b953-d5a4877bf410,"Nice, Côte D'Azur",Nice Côte d'Azur Airport,http://dbpedia.org/resource/Nice_Côte_d'Azur_Airport,93.8,"(43.6957, 7.27)"
http://data.linkedevents.org/location/b49141aa-a0e2-308e-be65-dee1b3c6ea14,SCHMIDT Saint-Laurent-Du-Var,Saint-Laurent-du-Var,http://dbpedia.org/resource/Saint-Laurent-du-Var,93.8,"(43.6594, 7.19162)"
http://data.linkedevents.org/location/044cf74c-ea6b-3b24-8df1-f5443ffeb8f0,Tramway,Nice tramway,http://dbpedia.org/resource/Nice_tramway,93.8,"(43.7137, 7.26165)"
http://data.linkedevents.org/location/cad0a223-92a6-3207-9f2f-f82d1f958427,Tramway,Nice tramway,http://dbpedia.org/resource/Nice_tramway,93.8,"(43.7305, 7.25459)"
http://data.linkedevents.org/location/70ee6eb7-dfff-308d-a374-038c2bd67a44,Aéroport Nice Côte D'azur Tl 1 Portes 3,Aéroport Nice Côte d'Azur,http://dbpedia.org/resource/Nice_Côte_d'Azur_Airport,93.6,"(43.6657, 7.21333)"
http://data.linkedevents.org/location/9538baf7-f0ab-3ded-b1bb-cd8babe8f17f,Carnaval de Nice Officiel,Carnaval de Nice,http://dbpedia.org/resource/Nice_Carnival,93.6,"(43.695, 7.26473)"
http://data.linkedevents.org/location/55d63890-2b77-328d-90dc-d2cbcfee2db5,En ville à Saint-André-de-la-Roche,Saint-André-de-la-Roche,http://dbpedia.org/resource/Saint-André-de-la-Roche,93.6,"(43.7333, 7.28333)"
http://data.linkedevents.org/location/82677abf-ba53-3625-96a3-98ff0472c321,GV Sport Saint Laurent Du Var,Saint-Laurent-du-Var,http://dbpedia.org/resource/Saint-Laurent-du-Var,93.6,"(43.6617, 7.19451)"
http://data.linkedevents.org/location/62f36b36-5929-37ab-9574-203e2188e676,Le Carre - Saint Laurent du Var,Saint-Laurent-du-Var,http://dbpedia.org/resource/Saint-Laurent-du-Var,93.6,"(43.6575, 7.1852)"
http://data.linkedevents.org/location/8acb3ce4-4f52-30cb-8344-d07539d404d1,Taxi drap,Drap,http://dbpedia.org/resource/Drap,93.6,"(43.755, 7.32022)"
http://data.linkedevents.org/location/7da9e3c3-93ca-3564-9ee3-55248fedea7f,BPCA Le Negresco,Negresco,http://dbpedia.org/resource/Hotel_Negresco,93.2,"(43.6974, 7.25892)"
http://data.linkedevents.org/location/0fff86c5-696b-368e-ae84-effc60b19706,Baou De La Gaude,La Gaude,http://dbpedia.org/resource/La_Gaude,93.2,"(43.7117, 7.2546)"
http://data.linkedevents.org/location/c720c686-dad3-302a-99d0-fb52b0a00745,Grimaldi,Château Grimaldi,http://dbpedia.org/resource/Château_Grimaldi_(Cagnes),93.2,"(43.7074, 7.30604)"
http://data.linkedevents.org/location/f8aab220-c363-3713-a83b-7b627f2ee423,Le Château de Nice,Château de Nice,http://dbpedia.org/resource/Castle_of_Nice,93.2,"(43.6948, 7.2811)"
http://data.linkedevents.org/location/a1cc4382-7dc5-3f4e-8b6b-136e8b132d50,Parking 2 Roues Aeroport Nice Cote d'Azur,Aéroport Nice Côte d'Azur,http://dbpedia.org/resource/Nice_Côte_d'Azur_Airport,93.2,"(43.6594, 7.20456)"
http://data.linkedevents.org/location/df802cde-4f07-37fc-81c2-172ebf9dd5c3,St Jean Cap Ferra,Saint-Jean-Cap-Ferrat,http://dbpedia.org/resource/Saint-Jean-Cap-Ferrat,93.2,"(43.7139, 7.28023)"
http://data.linkedevents.org/location/a0c839e7-56dd-32ad-a6b5-d25a79e92c4a,"[u""Caisse d'Epargne Villefranche-sur-Mer"", u""Caisse d'Epargne Villefranche-sur-mer""]",Villefranche-sur-Mer,http://dbpedia.org/resource/Villefranche-sur-Mer,93.0,"(43.7027, 7.30892)"
http://data.linkedevents.org/location/04615f5b-67cc-48fc-a224-40786b28eca7,Musée des beaux arts,Musée des Beaux-Arts de Nice,http://dbpedia.org/resource/Musée_des_Beaux-Arts_de_Nice,93.0,"(43.6944, 7.24889)"
http://data.linkedevents.org/location/cf03981e-2a63-3934-8a6e-e54b4261f76b,Olympique Gymnase Club Nice Côte d'Azur OGCN,Olympique Gymnaste Club Nice Côte d'Azur,http://dbpedia.org/resource/OGC_Nice,93.0,"(43.6865, 7.19455)"
http://data.linkedevents.org/location/bd3d0f35-0401-3136-8b6a-f5fea960c747,Riviera,Allianz Riviera,http://dbpedia.org/resource/Allianz_Riviera,93.0,"(43.7022, 7.26981)"
http://data.linkedevents.org/location/d235f6b9-3e3e-3269-94d7-291239d4c908,les Marinières à Villefranche-sur-Mer,Villefranche-sur-Mer,http://dbpedia.org/resource/Villefranche-sur-Mer,93.0,"(43.7065, 7.31487)"
http://data.linkedevents.org/location/497cafbb-1955-3a80-9258-815275aae3c2,Disney Cruse Line - Villefranche Sur Mer,Villefranche-sur-Mer,http://dbpedia.org/resource/Villefranche-sur-Mer,92.8,"(43.7032, 7.32259)"
http://data.linkedevents.org/location/17d96e09-274a-3db7-bfd0-637853c0bd98,Le Drive In Saint Laurent du Var,Saint-Laurent-du-Var,http://dbpedia.org/resource/Saint-Laurent-du-Var,92.8,"(43.6578, 7.18338)"
http://data.linkedevents.org/location/15456051-7c81-39c7-85bd-9da6b4aee47f,Metropolitan,Nice metropolitan area,http://dbpedia.org/resource/Nice_metropolitan_area,92.8,"(43.7421, 7.31814)"
http://data.linkedevents.org/location/310ced27-73b1-3001-b450-d9209ba2a1b9,"[u'Solea Villefranche-sur-mer', u'Sol\xe9a gelateria di corsica Villefranche-sur-mer']",Villefranche-sur-Mer,http://dbpedia.org/resource/Villefranche-sur-Mer,92.8,"(43.7034, 7.31129)"
http://data.linkedevents.org/location/b948ab7e-d86d-3db2-b76f-fd9147015910,Tps Barbero Saint Laurent Du Var,Saint-Laurent-du-Var,http://dbpedia.org/resource/Saint-Laurent-du-Var,92.8,"(43.6937, 7.18295)"
http://data.linkedevents.org/location/dbe20439-2b35-3ef2-9bd6-6feb5fa03e13,Parkink Cimiez,Cimiez,http://dbpedia.org/resource/Cimiez,92.6,"(43.7207, 7.27652)"
http://data.linkedevents.org/location/afc4b01a-76cc-32a9-88d5-b836756bad72,Plage de Beaulieu sur Mer,Beaulieu-sur-Mer,http://dbpedia.org/resource/Beaulieu-sur-Mer,92.6,"(43.7055, 7.31287)"
http://data.linkedevents.org/location/0a010dba-3c15-34cd-b7ce-31588fd5973d,Universite Nice Sophia An,Université Nice Sophia Antipolis,http://dbpedia.org/resource/University_of_Nice_Sophia_Antipolis,92.6,"(43.7221, 7.25251)"
http://data.linkedevents.org/location/7a4d2db8-3f87-3959-a404-a456c20da0ae,Institut Guinot Saint Laurent du Var,Saint-Laurent-du-Var,http://dbpedia.org/resource/Saint-Laurent-du-Var,92.4,"(43.6744, 7.18925)"
http://data.linkedevents.org/location/1df63c28-cee7-364c-9297-e840c789df32,"8eme Rue, Carros",Carros,http://dbpedia.org/resource/Carros,92.2,"(43.7036, 7.26608)"
http://data.linkedevents.org/location/bcad4d67-2519-3fba-82ab-e594fedf9886,Bd. De magnan,Magnan (Nice),http://dbpedia.org/resource/Magnan_(river),92.2,"(43.6928, 7.24165)"
http://data.linkedevents.org/location/aa4f17d5-57b7-3f33-a648-5036fd65e941,Nicéa-Net,Nicea,http://dbpedia.org/resource/Nice,92.2,"(43.6792, 7.22869)"
http://data.linkedevents.org/location/eb0ebff7-0ef9-3b06-bd89-2f5beca49214,Port De Villefranche Sur Mer,Villefranche-sur-Mer,http://dbpedia.org/resource/Villefranche-sur-Mer,92.2,"(43.6966, 7.2555)"
http://data.linkedevents.org/location/5da725e2-3d31-38c5-bd8f-1aa20a83e04a,Port de Saint-Laurent du Var,Saint-Laurent-du-Var,http://dbpedia.org/resource/Saint-Laurent-du-Var,92.2,"(43.6572, 7.17992)"
http://data.linkedevents.org/location/8017b1d2-93ae-3da7-a6df-a3d38999a139,Rade de Villefranche sur Mer,Villefranche-sur-Mer,http://dbpedia.org/resource/Villefranche-sur-Mer,92.2,"(43.6846, 7.31393)"
http://data.linkedevents.org/location/0cf02df1-1859-3f3e-8611-71c12de0a99c,Résidence Paillon,Paillon,http://dbpedia.org/resource/Paillon,92.2,"(43.7382, 7.30764)"
http://data.linkedevents.org/location/c4dbb5c7-ef42-3080-ada2-502fa5999a4c,Tunnel Du Paillon,Paillon,http://dbpedia.org/resource/Paillon,92.2,"(43.7179, 7.28315)"
http://data.linkedevents.org/location/38a62255-b7ca-31be-9cda-5c4083f72d5e,Victoria Cimiez,Cimiez,http://dbpedia.org/resource/Cimiez,92.2,"(43.7188, 7.2722)"
http://data.linkedevents.org/location/546da788-08e6-3cd8-8bb3-af783f510caf,Bord De Mer Saint Laurent Du Var,Saint-Laurent-du-Var,http://dbpedia.org/resource/Saint-Laurent-du-Var,92.0,"(43.6697, 7.19185)"
http://data.linkedevents.org/location/3fcc1a89-73a1-38e0-966f-efdf5c0561e7,Le Baroque - Saint Laurent Du Var,Saint-Laurent-du-Var,http://dbpedia.org/resource/Saint-Laurent-du-Var,92.0,"(43.6851, 7.19164)"
http://data.linkedevents.org/location/f2ee2662-c8ad-3822-9a26-82e82fba7eea,REXEL - SAINT LAURENT DU VAR,Saint-Laurent-du-Var,http://dbpedia.org/resource/Saint-Laurent-du-Var,92.0,"(43.6839, 7.18835)"
http://data.linkedevents.org/location/1f94ab56-0bc8-3108-a5b1-08753ab491ca,Stade de Villefranche sur Mer,Villefranche-sur-Mer,http://dbpedia.org/resource/Villefranche-sur-Mer,92.0,"(43.7016, 7.30838)"
http://data.linkedevents.org/location/7822caa0-2ef2-33e3-85df-5653e8850dda,Villa de l'Observatoire,Observatoire de Nice,http://dbpedia.org/resource/Nice_Observatory,92.0,"(43.7253, 7.29468)"
http://data.linkedevents.org/location/9448f195-95e9-3796-be62-6390ec082c98,Bruxelles Cimiez,Cimiez,http://dbpedia.org/resource/Cimiez,91.8,"(43.708, 7.27299)"
http://data.linkedevents.org/location/12d96437-f720-386c-9b0f-c001b71a6604,Domaine de Falicon,Falicon,http://dbpedia.org/resource/Falicon,91.8,"(43.7293, 7.25354)"
http://data.linkedevents.org/location/6cd0c05d-41a8-3ec7-a684-7393c9aa94ba,En ville à Falicon,Falicon,http://dbpedia.org/resource/Falicon,91.8,"(43.75, 7.28333)"
http://data.linkedevents.org/location/db240143-461e-3934-b019-528ef5aaa7a7,Le Lido Saint Jean Cap Ferrat,Saint-Jean-Cap-Ferrat,http://dbpedia.org/resource/Saint-Jean-Cap-Ferrat,91.8,"(43.6925, 7.32228)"
http://data.linkedevents.org/location/1d317cf0-14ea-35d5-9d31-377c88005c8a,Le Tramway,Nice tramway,http://dbpedia.org/resource/Nice_tramway,91.8,"(43.7024, 7.26359)"
http://data.linkedevents.org/location/37af291f-4639-3374-a11d-64b5652589ca,Nice Acropolis,Acropolis (Nice),http://dbpedia.org/resource/Palais_des_Congrès_Acropolis,91.8,"(43.7077, 7.28542)"
http://data.linkedevents.org/location/255824cd-1534-3e82-82f1-b2354b8cf54d,PERENE Saint Laurent du Var,Saint-Laurent-du-Var,http://dbpedia.org/resource/Saint-Laurent-du-Var,91.8,"(43.6832, 7.18832)"
http://data.linkedevents.org/location/c6768c11-b628-3c4e-a1b7-fcdbc9c90823,PERENE Saint Laurent du Var,Saint-Laurent-du-Var,http://dbpedia.org/resource/Saint-Laurent-du-Var,91.8,"(43.6831, 7.18838)"
http://data.linkedevents.org/location/3ad293a0-a404-3c71-8caa-964a90ff5da9,Skate Parc Falicon,Falicon,http://dbpedia.org/resource/Falicon,91.8,"(43.7259, 7.25515)"
http://data.linkedevents.org/location/ee451609-6808-3894-927e-9467965d6528,ALLIANZ RIVIERA P0,Allianz Riviera,http://dbpedia.org/resource/Allianz_Riviera,91.6,"(43.7041, 7.19273)"
http://data.linkedevents.org/location/5ac16f4a-dcef-3e2a-83fc-6b8d2338da0a,ALLIANZ RIVIERA P2,Allianz Riviera,http://dbpedia.org/resource/Allianz_Riviera,91.6,"(43.7086, 7.1964)"
http://data.linkedevents.org/location/611e015b-aae3-32eb-baf4-ea89d0989458,Agence Groupama Saint Laurent Du Var,Saint-Laurent-du-Var,http://dbpedia.org/resource/Saint-Laurent-du-Var,91.6,"(43.6738, 7.19011)"
http://data.linkedevents.org/location/f9dab041-7775-351d-8ed1-61afa3e9da6d,"Chez Pipo, Aéroport Nice Côte D'azur",Aéroport Nice Côte d'Azur,http://dbpedia.org/resource/Nice_Côte_d'Azur_Airport,91.6,"(43.6651, 7.21361)"
http://data.linkedevents.org/location/7f7db279-ebe7-37c8-b5a1-8700a5afa48c,Espace Magnan,Magnan (Nice),http://dbpedia.org/resource/Magnan_(river),91.6,"(43.6951, 7.24602)"
http://data.linkedevents.org/location/2629a766-4feb-3ead-a74f-11189ff3064d,OGEC,OGC Nice,http://dbpedia.org/resource/OGC_Nice,91.6,"(43.6991, 7.28638)"
http://data.linkedevents.org/location/277f69a8-0d0e-3905-938a-c0d652a5a003,OGEC,OGC Nice,http://dbpedia.org/resource/OGC_Nice,91.6,"(43.7026, 7.27107)"
http://data.linkedevents.org/location/06764c6b-ec36-358a-aad7-5d6b9619651e,Tunnel Magnan,Magnan (Nice),http://dbpedia.org/resource/Magnan_(river),91.6,"(43.6916, 7.24747)"
http://data.linkedevents.org/location/f2ccddb4-56c6-3227-b687-23af0a55bf58,Campus Lash - Université De Nice Sophia Antipolis,Université de Nice - Sophia Antipolis,http://dbpedia.org/resource/University_of_Nice_Sophia_Antipolis,91.4,"(43.7005, 7.25145)"
http://data.linkedevents.org/location/8d08ca3f-82af-3d1e-b338-29de31551f2e,Nicea Prim,Nicea,http://dbpedia.org/resource/Nice,91.4,"(43.7034, 7.26626)"
http://data.linkedevents.org/location/ff6af535-bbbb-322b-878f-d3995418e304,Piscine de Saint Laurent du Var,Saint-Laurent-du-Var,http://dbpedia.org/resource/Saint-Laurent-du-Var,91.4,"(43.6802, 7.18921)"
http://data.linkedevents.org/location/c9942230-113d-3fcf-813f-cef722dac131,Station Coiffure Saint-Laurent-du-Var,Saint-Laurent-du-Var,http://dbpedia.org/resource/Saint-Laurent-du-Var,91.4,"(43.6722, 7.19012)"
http://data.linkedevents.org/location/08431156-3997-31d6-9d64-0f4791561cb7,Mc Donald's Saint Laurent Du Var,Saint-Laurent-du-Var,http://dbpedia.org/resource/Saint-Laurent-du-Var,91.2,"(43.6595, 7.19414)"
http://data.linkedevents.org/location/92e3802c-ec6c-3fcc-8246-788f1aaeb2a7,Nice Stade Charles Hermann,Stade Charles-Ehrmann,http://dbpedia.org/resource/Stade_Charles-Ehrmann,91.2,"(43.6804, 7.1963)"
http://data.linkedevents.org/location/5beebf25-f850-3d23-a52b-0267d7e1c54e,Paroisse Saint-Laurent du Var,Saint-Laurent-du-Var,http://dbpedia.org/resource/Saint-Laurent-du-Var,91.2,"(43.6752, 7.18638)"
http://data.linkedevents.org/location/5c5bc615-474d-3d8f-9648-cde44b0e237a,Pizzatti Saint Laurent du var,Saint-Laurent-du-Var,http://dbpedia.org/resource/Saint-Laurent-du-Var,91.2,"(43.6704, 7.18995)"
http://data.linkedevents.org/location/bf362123-3a5e-39e8-84a8-d1d304c6088c,San Jean Cap Farrat,Saint-Jean-Cap-Ferrat,http://dbpedia.org/resource/Saint-Jean-Cap-Ferrat,91.2,"(43.7104, 7.25552)"
http://data.linkedevents.org/location/b8e1f662-273b-3f57-b31b-83ef17024250,Vinci Park Acropolis,Acropolis (Nice),http://dbpedia.org/resource/Palais_des_Congrès_Acropolis,91.2,"(43.7073, 7.28034)"
http://data.linkedevents.org/location/9b96e153-ce05-3b7d-ae00-0d72c9d773e8,ibis Nice Promenade des Anglais,Promenade des Anglais,http://dbpedia.org/resource/Promenade_des_Anglais,91.2,"(43.6713, 7.22399)"
http://data.linkedevents.org/location/5af20d3d-c1b2-31a9-839a-f481f1651f26,A8 - Sortie 50 - Nice – Promenade des Anglais,Promenade des Anglais,http://dbpedia.org/resource/Promenade_des_Anglais,91.0,"(43.67, 7.20248)"
http://data.linkedevents.org/location/ee935005-1441-3ac7-ba21-9fef3cdd1289,"[u'Basilique Notre Dame de l\u2019Assomption', u'Basilique Notre-Dame de l\u2019Assomption']",Basilique Notre-Dame de Nice,http://dbpedia.org/resource/Notre-Dame_de_Nice,91.0,"(43.7032, 7.26575)"
http://data.linkedevents.org/location/40bbdc97-9918-4c9b-ad1e-323e859d6e93,Basilique Notre-Dame de l'assomption,Basilique Notre-Dame de Nice,http://dbpedia.org/resource/Notre-Dame_de_Nice,91.0,"(43.7032, 7.26579)"
http://data.linkedevents.org/location/53b99f69-c0bb-3962-b395-8d7a1f6fafb5,Cap De Nice,ATP de Nice,http://dbpedia.org/resource/Open_de_Nice_Côte_d'Azur,91.0,"(43.6963, 7.28683)"
http://data.linkedevents.org/location/07dd2e6f-3d38-3cc3-88be-d5cc26b4ea68,Cap de Nice,ATP de Nice,http://dbpedia.org/resource/Open_de_Nice_Côte_d'Azur,91.0,"(43.6868, 7.30213)"
http://data.linkedevents.org/location/df25648e-7478-37f8-94ad-5b8101eac787,Cap de Nice,ATP de Nice,http://dbpedia.org/resource/Open_de_Nice_Côte_d'Azur,91.0,"(43.6878, 7.29799)"
http://data.linkedevents.org/location/5caceea9-1461-3ce9-9c61-29236a16f039,Caserne Magnan,Magnan (Nice),http://dbpedia.org/resource/Magnan_(river),91.0,"(43.6947, 7.24718)"
http://data.linkedevents.org/location/86d888b9-cd61-3059-afa8-ef5afcec429f,Caserne Magnan,Magnan (Nice),http://dbpedia.org/resource/Magnan_(river),91.0,"(43.6925, 7.24478)"
http://data.linkedevents.org/location/cf3101b0-1ab6-389b-b28e-dca09dc0203d,Ecuries de l'observatoire de Nice,Observatoire de Nice,http://dbpedia.org/resource/Nice_Observatory,91.0,"(43.7215, 7.3022)"
http://data.linkedevents.org/location/c35b31ec-450f-36a1-86d4-3eddd0afa78c,JOE & the JUICE Nice Côte D'azur Airport,Nice Côte d'Azur Airport,http://dbpedia.org/resource/Nice_Côte_d'Azur_Airport,91.0,"(43.666, 7.2135)"
http://data.linkedevents.org/location/52af777d-d951-4ffd-888d-66dbc8a7cad4,Observatoire Océanologique,Observatoire Oceanologique de Villefranche,http://dbpedia.org/resource/Observatoire_Oceanologique_de_Villefranche,91.0,"(43.6963, 7.30665)"
http://data.linkedevents.org/location/3f89c98b-241b-3471-a9d7-3ce639e6161c,Pharmacie de Falicon,Falicon,http://dbpedia.org/resource/Falicon,91.0,"(43.7284, 7.25561)"
http://data.linkedevents.org/location/9da7939e-4097-3f62-a974-fc31bc5a0ee1,Pont Neuf du Paillon,Paillon,http://dbpedia.org/resource/Paillon,91.0,"(43.7128, 7.28331)"
http://data.linkedevents.org/location/7f98ad67-48a8-4527-ae60-7595adfe906c,Promenade du Paillon,Paillon,http://dbpedia.org/resource/Paillon,91.0,"(43.697, 7.27034)"
http://data.linkedevents.org/location/92fc831b-1766-33c1-91a4-d5b6cf31285e,Promenade du Paillon,Paillon,http://dbpedia.org/resource/Paillon,91.0,"(43.697, 7.27034)"
http://data.linkedevents.org/location/4950786b-01b4-31cd-aaa6-f73d966fd8e8,Villa Fabron,Villa Arson,http://dbpedia.org/resource/Villa_Arson,91.0,"(43.7033, 7.2073)"
http://data.linkedevents.org/location/14200357-f22b-3666-a8a7-e600e72dff67,Alienz Riviéra,Allianz Riviera,http://dbpedia.org/resource/Allianz_Riviera,90.8,"(43.6998, 7.19034)"
http://data.linkedevents.org/location/03300645-a347-31c8-9176-5ed5b21ab0ca,CEDAC Terra Amata,Terra Amata,http://dbpedia.org/resource/Terra_Amata_(archaeological_site),90.8,"(43.7, 7.28947)"
http://data.linkedevents.org/location/7dd7703d-421e-38b8-bf91-b0c936374dcf,Canne sur Mer,Cagnes-sur-Mer,http://dbpedia.org/resource/Cagnes-sur-Mer,90.8,"(43.6593, 7.16519)"
http://data.linkedevents.org/location/60c74d1a-542f-37f7-887b-eabb1e84732f,Centre Equestre de Saint Laurent du Var,Saint-Laurent-du-Var,http://dbpedia.org/resource/Saint-Laurent-du-Var,90.8,"(43.7138, 7.18249)"
http://data.linkedevents.org/location/62a5ed3f-98cf-3447-bc57-5d252deca825,L'ancien Château De Nice,Château de Nice,http://dbpedia.org/resource/Castle_of_Nice,90.8,"(43.6975, 7.28175)"
http://data.linkedevents.org/location/d1d86f65-460e-3e91-a756-2e88beeccb26,Mairie de Saint Laurent du Var,Saint-Laurent-du-Var,http://dbpedia.org/resource/Saint-Laurent-du-Var,90.8,"(43.6748, 7.19179)"
http://data.linkedevents.org/location/e13f8711-2f56-385d-9d8e-2ecad72ea966,"Plage, Promenade des Anglais , Nice",Promenade des Anglais,http://dbpedia.org/resource/Promenade_des_Anglais,90.8,"(43.6797, 7.23096)"
http://data.linkedevents.org/location/dd155534-a236-3ecc-8d40-5217072ead8b,Eglise St Michel Villefranche Sur Mer,Villefranche-sur-Mer,http://dbpedia.org/resource/Villefranche-sur-Mer,90.6,"(43.7038, 7.31118)"
http://data.linkedevents.org/location/7a825311-5f5d-3970-a292-1db8b9be0aad,Gare SNCF de Villefranche-sur-Mer,Villefranche-sur-Mer,http://dbpedia.org/resource/Villefranche-sur-Mer,90.6,"(43.7069, 7.31427)"
http://data.linkedevents.org/location/fadfca45-25de-32a7-946d-bd92406e5375,Hôtel Comté De Nice,Comté de Nice,http://dbpedia.org/resource/County_of_Nice,90.6,"(43.7087, 7.26133)"
http://data.linkedevents.org/location/ef1759bc-8b28-3d9a-8656-7c99c06579bb,Hôtel Nicea,Nicea,http://dbpedia.org/resource/Nice,90.6,"(43.7052, 7.26781)"
http://data.linkedevents.org/location/4467afbf-27d2-37c2-8881-5c6475c6017c,La Playa Promenade Des Anglais,Promenade des Anglais,http://dbpedia.org/resource/Promenade_des_Anglais,90.6,"(43.6713, 7.22355)"
http://data.linkedevents.org/location/974cd8b5-40c1-3140-bc96-48c2c61fa59b,Nice Falicon,Falicon,http://dbpedia.org/resource/Falicon,90.6,"(43.7273, 7.25577)"
http://data.linkedevents.org/location/af2a934b-e179-3fc5-8c6a-b05251dc7773,Notre Dame,Notre-Dame de Nice,http://dbpedia.org/resource/Notre-Dame_de_Nice,90.6,"(43.7041, 7.26767)"
http://data.linkedevents.org/location/644138d3-3594-3430-b4b6-7c5466e9523a,Phoenix,Parc Phœnix,http://dbpedia.org/resource/Parc_Phœnix,90.6,"(43.7018, 7.25719)"
http://data.linkedevents.org/location/85115a98-55cc-3eb1-b09e-ce07e5cb99d4,Plage de Magnan,Magnan (Nice),http://dbpedia.org/resource/Magnan_(river),90.6,"(43.6931, 7.25319)"
http://data.linkedevents.org/location/b60663fa-2e4a-37cb-a5d4-0be3a019d318,Saint Laurent Du Var Le Kashmir,Saint-Laurent-du-Var,http://dbpedia.org/resource/Saint-Laurent-du-Var,90.6,"(43.692, 7.24299)"
http://data.linkedevents.org/location/0b6fefd1-d006-3819-a00f-b2ce783e146d,Ubaldi.com Cuisines Saint Laurent du Var,Saint-Laurent-du-Var,http://dbpedia.org/resource/Saint-Laurent-du-Var,90.6,"(43.661, 7.19291)"
http://data.linkedevents.org/location/fe65be67-1de7-3977-878c-651536f1774a,Aéroport Nice Côte D'azur - Salon Azur,Aéroport Nice Côte d'Azur,http://dbpedia.org/resource/Nice_Côte_d'Azur_Airport,90.4,"(43.6651, 7.2139)"
http://data.linkedevents.org/location/e4ee187d-90d2-31f1-b461-af9dfe826236,Cdsa Alpes-Maritimes,Drap (Alpes-Maritimes),http://dbpedia.org/resource/Drap,90.4,"(43.6727, 7.20893)"
http://data.linkedevents.org/location/5cbf09a3-9f09-3b97-8c63-777b28c97ec5,Opéra,Opéra de Nice,http://dbpedia.org/resource/Opéra_de_Nice,90.4,"(43.6851, 7.19813)"
http://data.linkedevents.org/location/8726d942-773c-3886-8ead-ad8ee5afc64d,Rotary Club Saint Laurent du Var,Saint-Laurent-du-Var,http://dbpedia.org/resource/Saint-Laurent-du-Var,90.4,"(43.6587, 7.1948)"
http://data.linkedevents.org/location/e96fd6a9-5542-3d67-8a9d-902a27ff1520,Soirée Aquaboxing / Saint Laurent du Var,Saint-Laurent-du-Var,http://dbpedia.org/resource/Saint-Laurent-du-Var,90.4,"(43.6802, 7.18992)"
http://data.linkedevents.org/location/8c72065f-e8ae-3c95-86ad-65e25b8ef97b,Store de la Cote d'Azur,Observatoire de la Côte d'Azur,http://dbpedia.org/resource/Côte_d'Azur_Observatory,90.4,"(43.7231, 7.251)"
http://data.linkedevents.org/location/ac392e05-9c5c-3664-b1e7-14ead04d7f78,C.H.U Cimiez,Cimiez,http://dbpedia.org/resource/Cimiez,90.2,"(43.7211, 7.2733)"
http://data.linkedevents.org/location/8c9bbd10-0e57-3a6b-87c6-d43e6490a286,"Chateau De Nice, France",Château de Nice,http://dbpedia.org/resource/Castle_of_Nice,90.2,"(43.6941, 7.27927)"
http://data.linkedevents.org/location/0c925d91-79be-3e35-98b3-f735aaba6108,Viaduc du Magnan,Magnan (Nice),http://dbpedia.org/resource/Magnan_(river),90.2,"(43.7223, 7.2224)"
http://data.linkedevents.org/location/37a1ca4d-9a15-38bc-a746-eb97b612875d,taxi carros nice aeroport,Carros,http://dbpedia.org/resource/Carros,90.2,"(43.7121, 7.26678)"
http://data.linkedevents.org/location/53a5227e-a564-3dcf-b3cd-91c98df45dc0,"[u'Les Am\xe9ricains et la 6e Flotte \xe0 Villefranche sur mer', u'Les Am\xe9ricains et la 6\xe8me Flotte \xe0 Villefranche sur mer']",Villefranche-sur-Mer,http://dbpedia.org/resource/Villefranche-sur-Mer,90.0,"(43.7, 7.30919)"
http://data.linkedevents.org/location/7818e7ce-555d-3029-9d6c-f673070ee3ab,Nice Properties Villefranche sur Mer,Villefranche-sur-Mer,http://dbpedia.org/resource/Villefranche-sur-Mer,90.0,"(43.7027, 7.30832)"
http://data.linkedevents.org/location/38a3dd1b-6711-39c9-9792-d097b2ee7ed8,Piscine de Saint André de la Roche,Saint-André-de-la-Roche,http://dbpedia.org/resource/Saint-André-de-la-Roche,90.0,"(43.7387, 7.28706)"
http://data.linkedevents.org/location/2e82b25a-e976-3df7-8208-7268fb3e92c2,R et P Paillon,Paillon,http://dbpedia.org/resource/Paillon,90.0,"(43.6946, 7.27903)"
http://data.linkedevents.org/location/1f4ca383-f539-3289-8be5-8784dd5aa21b,Université de Nice Sophia Antipolis - Grand Château,Université de Nice - Sophia Antipolis,http://dbpedia.org/resource/University_of_Nice_Sophia_Antipolis,90.0,"(43.7171, 7.24619)"
http://data.linkedevents.org/location/42c10f9b-d591-319c-96a0-7566f50d2fd6,Centre PMI Magnan,Magnan (Nice),http://dbpedia.org/resource/Magnan_(river),89.8,"(43.6908, 7.24486)"
http://data.linkedevents.org/location/4df798af-cce1-3116-89bb-9544fe2e6e7f,Château De Saygın,Château de Nice,http://dbpedia.org/resource/Castle_of_Nice,89.8,"(43.6981, 7.27797)"
http://data.linkedevents.org/location/33cf0826-139f-335f-9a43-e92365af5351,Huset Soleil Villefranche-sur-Mer,Villefranche-sur-Mer,http://dbpedia.org/resource/Villefranche-sur-Mer,89.8,"(43.7052, 7.30702)"
http://data.linkedevents.org/location/b3bf2ec2-416d-3a19-bf19-ae6d04af6758,"Jardin Du Paillon, Nice",Paillon,http://dbpedia.org/resource/Paillon,89.8,"(43.7009, 7.27726)"
http://data.linkedevents.org/location/036ee96a-fa3f-3e6f-adc2-7291fe6c78a0,Nicea/invest,Nicea,http://dbpedia.org/resource/Nice,89.8,"(43.7134, 7.28398)"
http://data.linkedevents.org/location/70a90b00-41c8-3749-b124-2f32b13cc744,Parking G1 Sécurisé - Aéroport Nice Côte d'Azur,Aéroport Nice Côte d'Azur,http://dbpedia.org/resource/Nice_Côte_d'Azur_Airport,89.8,"(43.6652, 7.21038)"
http://data.linkedevents.org/location/b19282d1-d4fe-37c1-9f04-88d49a3faa2c,Sages-Femmes Villefranche sur Mer,Villefranche-sur-Mer,http://dbpedia.org/resource/Villefranche-sur-Mer,89.8,"(43.7066, 7.30905)"
http://data.linkedevents.org/location/dec7b860-35e0-307d-bac6-42edc5bedc92,Stade Nicolai,Stade niçois,http://dbpedia.org/resource/Rugby_Nice_Côte_d'Azur_Université-Racing,89.8,"(43.7084, 7.23032)"
http://data.linkedevents.org/location/8465c542-7c20-391e-9cce-7aee99ea729b,Bocage Nice,Cagne,http://dbpedia.org/resource/Cagne,89.6,"(43.7013, 7.26724)"
http://data.linkedevents.org/location/a0a88a9b-8999-3099-96fa-9934f8867765,BNP Paribas - Saint Laurent Du Var,Saint-Laurent-du-Var,http://dbpedia.org/resource/Saint-Laurent-du-Var,89.4,"(43.6702, 7.19089)"
http://data.linkedevents.org/location/f9f5ca2c-5edf-39ff-8b11-226451ac6325,BNP Paribas - Villefranche Sur Mer,Villefranche-sur-Mer,http://dbpedia.org/resource/Villefranche-sur-Mer,89.4,"(43.7029, 7.30873)"
http://data.linkedevents.org/location/15b31a3e-5a04-3d2c-a82f-1c79521aac0f,Corniche De Magnan,Magnan (Nice),http://dbpedia.org/resource/Magnan_(river),89.4,"(43.7133, 7.23579)"
http://data.linkedevents.org/location/61aeb650-3024-3789-8c4f-17b0487ec72a,Corniche de Magnan,Magnan (Nice),http://dbpedia.org/resource/Magnan_(river),89.4,"(43.7128, 7.23474)"
http://data.linkedevents.org/location/cf38cf3c-cce9-3e08-81f2-fbb8a050ca6b,"[u'Paddle club de Villefranche sur mer', u'Sup in Villefranche']",Villefranche-sur-Mer,http://dbpedia.org/resource/Villefranche-sur-Mer,89.4,"(43.7061, 7.31853)"
http://data.linkedevents.org/location/8868b791-6562-36e9-9c47-12a5884baf6f,Parking P9 Économique - Aéroport Nice Côte d'Azur,Aéroport Nice Côte d'Azur,http://dbpedia.org/resource/Nice_Côte_d'Azur_Airport,89.4,"(43.6668, 7.20966)"
http://data.linkedevents.org/location/dadbaeab-8c78-331d-ab76-96d934322c63,Plage Du Port À Saint Jean Cap Ferrat,Saint-Jean-Cap-Ferrat,http://dbpedia.org/resource/Saint-Jean-Cap-Ferrat,89.4,"(43.6862, 7.28409)"
http://data.linkedevents.org/location/3f27b6dc-0f3e-3863-ae86-75f745567195,Promenade Des Anglais Plage,Promenade des Anglais,http://dbpedia.org/resource/Promenade_des_Anglais,89.4,"(43.6843, 7.23538)"
http://data.linkedevents.org/location/22a5aaaa-72f3-3fd9-b5c9-9250a1ccdc6a,Salon du Cap Ferrat,Cap Ferrat,http://dbpedia.org/resource/Cap_Ferrat,89.4,"(43.6598, 7.20606)"
http://data.linkedevents.org/location/9bbf7f71-630d-3429-8699-fd24f1080f11,Acropolis Parking,Acropolis (Nice),http://dbpedia.org/resource/Palais_des_Congrès_Acropolis,89.2,"(43.7078, 7.28176)"
http://data.linkedevents.org/location/ac217ccf-d947-32a6-8b99-12ad1bf7efcd,Aeroport Nice Côte D'azur Salle D'embarquement A,Aéroport Nice Côte d'Azur,http://dbpedia.org/resource/Nice_Côte_d'Azur_Airport,89.2,"(43.6609, 7.20596)"
http://data.linkedevents.org/location/602df473-4876-3b3d-9e89-eebdc6679f6b,Boulevard Cimiez (NICE),Cimiez,http://dbpedia.org/resource/Cimiez,89.2,"(43.7071, 7.27006)"
http://data.linkedevents.org/location/b7684d4e-c458-3473-8a42-a85d0c6136a2,Canilook toilettage saint André de la roche,Saint-André-de-la-Roche,http://dbpedia.org/resource/Saint-André-de-la-Roche,89.2,"(43.7383, 7.28678)"
http://data.linkedevents.org/location/74bb9b40-367d-3519-9483-30041fcafcc5,G2 Garage Sécurisé - Aéroport Nice Côte d'Azur,Aéroport Nice Côte d'Azur,http://dbpedia.org/resource/Nice_Côte_d'Azur_Airport,89.2,"(43.659, 7.20434)"
http://data.linkedevents.org/location/2a18254f-50d9-3a12-b248-2a09ff3d7970,Plage De Nice Promenade Des Anglais,Promenade des Anglais,http://dbpedia.org/resource/Promenade_des_Anglais,89.2,"(43.695, 7.27239)"
http://data.linkedevents.org/location/413cb48a-2d39-43f9-949e-62b5d2e041aa,Musée Masséna,Musée Matisse,http://dbpedia.org/resource/Musée_Matisse_(Nice),89.0,"(43.6952, 7.25894)"
http://data.linkedevents.org/location/159b7978-ee88-3698-a9c6-1e87899d5c1a,Olympic Judo Nice,Olympic Nice,http://dbpedia.org/resource/Olympic_Nice,89.0,"(43.6776, 7.22251)"
http://data.linkedevents.org/location/897ac5eb-6ced-3fed-9f5d-3127437f370f,Paillon Judo,Paillon,http://dbpedia.org/resource/Paillon,89.0,"(43.6947, 7.28661)"
http://data.linkedevents.org/location/bf41879f-ec40-3317-a135-29e0761beffd,Port de Nice cote d'Azur.,Aéroport de Nice-Côte d'Azur,http://dbpedia.org/resource/Nice_Côte_d'Azur_Airport,89.0,"(43.6883, 7.24068)"
http://data.linkedevents.org/location/2ac83391-0ff4-3e4e-bf7d-b28a421b122c,Aerial Pole Dance Saint Laurent Du Var,Saint-Laurent-du-Var,http://dbpedia.org/resource/Saint-Laurent-du-Var,88.8,"(43.6594, 7.19211)"
http://data.linkedevents.org/location/7b6a1346-16e2-3aa8-bfce-62be9161c1ff,Parc du Paillon - Nice,Paillon,http://dbpedia.org/resource/Paillon,88.8,"(43.6962, 7.27071)"
http://data.linkedevents.org/location/fff9040a-072b-38ef-8136-f89c97b34964,"Plage de Nice, Côte d'Azur",Open de Nice Côte d’Azur,http://dbpedia.org/resource/Open_de_Nice_Côte_d'Azur,88.8,"(43.6935, 7.25514)"
http://data.linkedevents.org/location/4840735f-da03-3068-8849-0b6634ff756a,club nautique saint laurent du Var,Saint-Laurent-du-Var,http://dbpedia.org/resource/Saint-Laurent-du-Var,88.8,"(43.6576, 7.19505)"
http://data.linkedevents.org/location/e3c12d02-fb04-34d5-bccc-1ecc17a7fe1a,Apajh Alpes Maritimes,Drap (Alpes-Maritimes),http://dbpedia.org/resource/Drap,88.6,"(43.6996, 7.25929)"
http://data.linkedevents.org/location/0cce4983-45e8-3cb3-9554-245e743211b1,La Voile Rouge Saint Laurent Du Var,Saint-Laurent-du-Var,http://dbpedia.org/resource/Saint-Laurent-du-Var,88.6,"(43.6577, 7.18625)"
http://data.linkedevents.org/location/70fcc06d-da6f-3007-8e32-b7e794d5a586,A St Andrer De La Roche !,Saint-André-de-la-Roche,http://dbpedia.org/resource/Saint-André-de-la-Roche,88.4,"(43.7391, 7.2895)"
http://data.linkedevents.org/location/8d2e4a91-4bd5-3961-bf69-a27eedce5dea,ALLIANZ RIVIERA P1BIS,Allianz Riviera,http://dbpedia.org/resource/Allianz_Riviera,88.4,"(43.7054, 7.19697)"
http://data.linkedevents.org/location/417fa735-78f0-3c38-9dcb-8aab8c9e90d9,Allianz Riviera Stade De Nice,Allianz Riviera,http://dbpedia.org/resource/Allianz_Riviera,88.4,"(43.6817, 7.18455)"
http://data.linkedevents.org/location/4aea08af-590b-3c3e-9dfd-1b89c5d05008,Antiquites Acropolis,Acropolis (Nice),http://dbpedia.org/resource/Palais_des_Congrès_Acropolis,88.4,"(43.7024, 7.27843)"
http://data.linkedevents.org/location/0cc76455-a1a0-3dac-af95-fc9bfa585463,Bd de Cimiez,Cimiez,http://dbpedia.org/resource/Cimiez,88.4,"(43.7199, 7.2739)"
http://data.linkedevents.org/location/cfca27d8-af0e-3ddf-8742-b8858baf0e4e,Bd de Cimiez,Cimiez,http://dbpedia.org/resource/Cimiez,88.4,"(43.7163, 7.27253)"
http://data.linkedevents.org/location/3b3a1203-8687-39dc-88f7-9399c9d1ecc0,"[u""Chateau d'Ax"", u""Ch\xe2teau d'Ax""]",Château de Nice,http://dbpedia.org/resource/Castle_of_Nice,88.4,"(43.6594, 7.19385)"
http://data.linkedevents.org/location/f426408b-094e-38a9-b1a4-be52a9a94cad,Ehrmann Charles,Stade Charles-Ehrmann,http://dbpedia.org/resource/Stade_Charles-Ehrmann,88.4,"(43.7196, 7.27257)"
http://data.linkedevents.org/location/c8f1a30a-7880-306f-879b-969d1d9a3381,La Diacosmie/ Opera de Nice,Opéra de Nice,http://dbpedia.org/resource/Opéra_de_Nice,88.4,"(43.6858, 7.20124)"
http://data.linkedevents.org/location/bdb81497-5d3e-335c-881e-820e18ab6479,Pavillon M,Paillon,http://dbpedia.org/resource/Paillon,88.4,"(43.7251, 7.28307)"
http://data.linkedevents.org/location/ba1cb707-6536-3c1a-8b2c-4b71c8567b96,A Nice Ville,Gare de Nice-Ville,http://dbpedia.org/resource/Gare_de_Nice-Ville,88.2,"(43.6709, 7.20974)"
http://data.linkedevents.org/location/eeda4e0e-12a7-3f08-9543-ccd41d977dc1,Bowling Acropolis,Acropolis (Nice),http://dbpedia.org/resource/Palais_des_Congrès_Acropolis,88.2,"(43.7056, 7.28159)"
http://data.linkedevents.org/location/bb10e53e-5a12-35fc-bb83-f57fabdda6e5,Cathedral Russe Nice,Nice Cathedral,http://dbpedia.org/resource/Nice_Cathedral,88.2,"(43.7027, 7.25417)"
http://data.linkedevents.org/location/630962c6-ee50-32c4-8152-90dd7a423c4b,Controle Technique Autovision Saint-Laurent du Var,Saint-Laurent-du-Var,http://dbpedia.org/resource/Saint-Laurent-du-Var,88.2,"(43.6855, 7.18665)"
http://data.linkedevents.org/location/f768023c-d943-3e3e-991b-fa628f24779b,Magnan Hotel Nice,Magnan (Nice),http://dbpedia.org/resource/Magnan_(river),88.2,"(43.6843, 7.23437)"
http://data.linkedevents.org/location/3f91bfdf-ce2d-343a-b3ab-ea15f14603d5,Magnan Plage,Magnan (Nice),http://dbpedia.org/resource/Magnan_(river),88.2,"(43.691, 7.24478)"
http://data.linkedevents.org/location/b299c9b5-d618-3c5c-afa3-a62c3df069fb,Acropolis Voyages,Acropolis (Nice),http://dbpedia.org/resource/Palais_des_Congrès_Acropolis,88.0,"(43.7026, 7.2785)"
http://data.linkedevents.org/location/865d08fd-9321-3296-a73a-178eaa5de304,Crique de la rade de Villefranche-Sur-Mer,Villefranche-sur-Mer,http://dbpedia.org/resource/Villefranche-sur-Mer,88.0,"(43.694, 7.30746)"
http://data.linkedevents.org/location/3c81d284-70f0-305a-913e-3fdcf662d060,Immeuble Les Cèdres,Les Cèdres,http://dbpedia.org/resource/Jardin_botanique_%22Les_Cèdres%22,88.0,"(43.6938, 7.25693)"
http://data.linkedevents.org/location/b51c66f8-5b72-3dd4-bf8d-534350a3792a,Location Annuelle Saint Laurent Du Var,Saint-Laurent-du-Var,http://dbpedia.org/resource/Saint-Laurent-du-Var,88.0,"(43.66, 7.18313)"
http://data.linkedevents.org/location/33384ecb-0509-32bf-9e6f-6351aad4310e,Pop Sud Bsn Stade du Ray,Stade du Ray,http://dbpedia.org/resource/Stade_du_Ray,88.0,"(43.7228, 7.25882)"
http://data.linkedevents.org/location/6b8ca7a4-76d9-35f5-bfe5-ce88bef3de2a,Signature Flight Support NCE - Nice Côte d'Azur Airport,Nice Côte d'Azur Airport,http://dbpedia.org/resource/Nice_Côte_d'Azur_Airport,88.0,"(43.662, 7.20491)"
http://data.linkedevents.org/location/e7580704-a3e5-313a-a4c0-74c1f5eeb3d0,Villa Arena,Villa Arson,http://dbpedia.org/resource/Villa_Arson,88.0,"(43.7154, 7.27495)"
http://data.linkedevents.org/location/d2cd7436-8750-31c2-96e0-7c2ca5db80c8,FONCIA FTL CIMIEZ,Cimiez,http://dbpedia.org/resource/Cimiez,87.8,"(43.7146, 7.27172)"
http://data.linkedevents.org/location/34991e86-4d8c-368b-8cc3-0585db8338ce,L'olympio,Olympic Nice,http://dbpedia.org/resource/Olympic_Nice,87.8,"(43.7014, 7.28306)"
http://data.linkedevents.org/location/e3c7ddf0-2ef3-371a-9727-963e7d7b047a,Leadel Carros,Carros,http://dbpedia.org/resource/Carros,87.8,"(43.7562, 7.19757)"
http://data.linkedevents.org/location/6e44a614-233d-3548-9905-4e5f0b1f7d14,Library De Terra-Amata,Terra Amata,http://dbpedia.org/resource/Terra_Amata_(archaeological_site),87.8,"(43.6998, 7.28915)"
http://data.linkedevents.org/location/020dae36-85db-3828-9561-49e2c49179b6,Plage De La Mariniere Villefranche-Sur-Mer,Villefranche-sur-Mer,http://dbpedia.org/resource/Villefranche-sur-Mer,87.8,"(43.703, 7.32044)"
http://data.linkedevents.org/location/cab7f780-42dc-3a2d-9a9d-b5f4394bafe3,Aéroport De Nice Côte D'azur En Direction De La Corse,Aéroport de Nice-Côte d'Azur,http://dbpedia.org/resource/Nice_Côte_d'Azur_Airport,87.6,"(43.6675, 7.21)"
http://data.linkedevents.org/location/eeb2e242-ca6d-3a5c-8dea-2c0cfb8810fe,Château de Valrose,Château de Nice,http://dbpedia.org/resource/Castle_of_Nice,87.6,"(43.7165, 7.26656)"
http://data.linkedevents.org/location/d1f2d078-4224-39b8-b8b1-640a6d2a4a31,Cimiez Pizza,Cimiez,http://dbpedia.org/resource/Cimiez,87.6,"(43.7109, 7.27112)"
http://data.linkedevents.org/location/dee84cde-8ed5-3a26-afdd-621c809fe382,Cimiez Régal,Cimiez,http://dbpedia.org/resource/Cimiez,87.6,"(43.7267, 7.27566)"
http://data.linkedevents.org/location/bf7f903a-5fac-3c3d-a30a-b6b83c28956a,Jardin botanique de Nice,"Jardin botanique ""Les Cèdres""",http://dbpedia.org/resource/Jardin_botanique_%22Les_Cèdres%22,87.6,"(43.6817, 7.2147)"
http://data.linkedevents.org/location/c8794b34-2cc0-3d8f-8bbe-902448b5ae1d,Promenade des Anglais - Nice city beach,Promenade des Anglais,http://dbpedia.org/resource/Promenade_des_Anglais,87.6,"(43.6751, 7.22775)"
http://data.linkedevents.org/location/ab515f99-6dcd-3944-afde-c6d0285f2ca6,Boulangerie Multari Saint Laurent du Var,Saint-Laurent-du-Var,http://dbpedia.org/resource/Saint-Laurent-du-Var,87.4,"(43.6958, 7.18289)"
http://data.linkedevents.org/location/73014788-9a3f-3275-b809-85d804a6a365,Château CL,Château de Nice,http://dbpedia.org/resource/Castle_of_Nice,87.4,"(43.6949, 7.25178)"
http://data.linkedevents.org/location/b19c3fac-cc77-3a15-af7e-9aaccf3b354c,Contre la privatisation de l'aéroport Nice Côte d'Azur,Aéroport Nice Côte d'Azur,http://dbpedia.org/resource/Nice_Côte_d'Azur_Airport,87.4,"(43.6642, 7.203)"
http://data.linkedevents.org/location/d841bcc8-b334-384f-97b6-d915ec39d884,"Populaire Sud, Stade Du Ray",Stade du Ray,http://dbpedia.org/resource/Stade_du_Ray,87.4,"(43.7228, 7.25847)"
http://data.linkedevents.org/location/e46b37f8-4859-34cc-ae5f-62eb77606a74,Avenue de Jean Medicin,Avenue Jean-Médecin,http://dbpedia.org/resource/Avenue_Jean_Médecin,87.2,"(43.7015, 7.25848)"
http://data.linkedevents.org/location/c4d04c53-188b-3d22-93a0-dff5843c49b1,Aéroport International Nice,Aeroporto Internacional de Nice,http://dbpedia.org/resource/Nice_Côte_d'Azur_Airport,87.2,"(43.66, 7.20559)"
http://data.linkedevents.org/location/06b13080-2698-3ba0-8366-16897b5842b7,Bord de Mer sur La Promenade des Anglais,Promenade des Anglais,http://dbpedia.org/resource/Promenade_des_Anglais,87.2,"(43.6912, 7.24723)"
http://data.linkedevents.org/location/8bd19437-9596-3179-9b95-fd9169943f36,DSI Nice Côte D'Azur,Open de Nice Côte d’Azur,http://dbpedia.org/resource/Open_de_Nice_Côte_d'Azur,87.2,"(43.7025, 7.26847)"
http://data.linkedevents.org/location/c99a3654-d531-3993-b757-9754eda91d1b,Garage Notre Dame de Saint Laurent du Var,Saint-Laurent-du-Var,http://dbpedia.org/resource/Saint-Laurent-du-Var,87.2,"(43.6757, 7.1881)"
http://data.linkedevents.org/location/f7b7b017-8a57-3403-b54f-d7683fa32f75,Monaco Marine Saint Laurent Du Var,Saint-Laurent-du-Var,http://dbpedia.org/resource/Saint-Laurent-du-Var,87.2,"(43.6572, 7.18441)"
http://data.linkedevents.org/location/285ddc3e-0595-3200-b435-51c42f8ddc6b,Open De Nice - Parc Imperial,Open de Nice,http://dbpedia.org/resource/Open_de_Nice_Côte_d'Azur,87.2,"(43.7049, 7.25177)"
http://data.linkedevents.org/location/fb136912-9930-3360-aa23-6376048f9b36,Parc du Château,Château de Nice,http://dbpedia.org/resource/Castle_of_Nice,87.2,"(43.6979, 7.27955)"
http://data.linkedevents.org/location/d615f7b1-0488-39fa-91e7-89f316a2f543,C.E.D.A.C Terra Amata,Terra Amata,http://dbpedia.org/resource/Terra_Amata_(archaeological_site),87.0,"(43.6976, 7.28904)"
http://data.linkedevents.org/location/c5231567-a0c8-317b-8367-bbd45c8fd338,Cal Notre Dame.,Notre-Dame de Nice,http://dbpedia.org/resource/Notre-Dame_de_Nice,87.0,"(43.7035, 7.2646)"
http://data.linkedevents.org/location/b919b7af-25dc-3573-a113-a505a7196f49,"Chez Net, Villefrance-Sur-Mer",Villefranche-sur-Mer,http://dbpedia.org/resource/Villefranche-sur-Mer,87.0,"(43.7032, 7.31182)"
http://data.linkedevents.org/location/b1374c9b-9428-374a-bea1-9c0031dbd5ef,Les Chênes,Les Cèdres,http://dbpedia.org/resource/Jardin_botanique_%22Les_Cèdres%22,87.0,"(43.7198, 7.29393)"
http://data.linkedevents.org/location/083b12cc-881e-3d24-8489-143581850f48,Office de Tourisme de Saint-Laurent-du-Var,Saint-Laurent-du-Var,http://dbpedia.org/resource/Saint-Laurent-du-Var,87.0,"(43.6577, 7.18836)"
http://data.linkedevents.org/location/c9145f2c-84ef-39d2-8395-7654b55125c9,Promenade Nice,Promenade des Anglais,http://dbpedia.org/resource/Promenade_des_Anglais,87.0,"(43.6951, 7.2745)"
http://data.linkedevents.org/location/29ff9ff7-0f35-3547-8853-e8f8277937b9,Bus station,Station Nice CP,http://dbpedia.org/resource/Gare_de_Nice_CP,86.8,"(43.7177, 7.2815)"
http://data.linkedevents.org/location/32880c3c-c77e-3910-a319-c8c9e0fc12d2,"[u'CECCI ST LAURENT DU VAR', u'Cecci']",Saint-Laurent-du-Var,http://dbpedia.org/resource/Saint-Laurent-du-Var,86.8,"(43.6836, 7.18803)"
http://data.linkedevents.org/location/b6b53853-5602-342c-a1dc-738656945420,Les Ecoles Falicon,Falicon,http://dbpedia.org/resource/Falicon,86.8,"(43.7492, 7.27782)"
http://data.linkedevents.org/location/74c65450-29f1-35f7-ae83-5314c9014970,Museum of Marc Chagall,Musée Marc-Chagall (Nice),http://dbpedia.org/resource/Musée_Marc_Chagall,86.8,"(43.7051, 7.26162)"
http://data.linkedevents.org/location/158e0d89-69bb-32ee-b768-4fdae63efb8a,Amplifon St Laurent Du Var,Saint-Laurent-du-Var,http://dbpedia.org/resource/Saint-Laurent-du-Var,86.6,"(43.6704, 7.19039)"
http://data.linkedevents.org/location/54ffc0d3-bd36-3c72-b9cb-c8865d5f44d5,Cagnes sur Mer Promenade,Cagnes-sur-Mer,http://dbpedia.org/resource/Cagnes-sur-Mer,86.6,"(43.6791, 7.20141)"
http://data.linkedevents.org/location/6cc3b67c-417c-367b-b6e0-2be894f913e8,Costa Coffee at Aeroport Nice Cote D Azur Terminal,Aéroport Nice Côte d'Azur,http://dbpedia.org/resource/Nice_Côte_d'Azur_Airport,86.6,"(43.66, 7.20595)"
http://data.linkedevents.org/location/6acb9cf2-5cb4-3903-8256-141fe80263ad,Diocesaine De Nice,Diocèse de Nice,http://dbpedia.org/resource/Roman_Catholic_Diocese_of_Nice,86.6,"(43.7185, 7.25504)"
http://data.linkedevents.org/location/70a26a21-2f1f-38d7-be9e-cd9bef6e9da5,Diocésaine de Nice,Diocèse de Nice,http://dbpedia.org/resource/Roman_Catholic_Diocese_of_Nice,86.6,"(43.7006, 7.27603)"
http://data.linkedevents.org/location/47e7065e-e152-39ce-985d-08633c18d50d,Ifsi la Gaude.,La Gaude,http://dbpedia.org/resource/La_Gaude,86.6,"(43.7292, 7.18378)"
http://data.linkedevents.org/location/4de07618-696c-40ab-a3fb-f857c7d7fa8d,Musée Chagall,Musée Marc-Chagall (Nice),http://dbpedia.org/resource/Musée_Marc_Chagall,86.6,"(43.7092, 7.26954)"
http://data.linkedevents.org/location/c96ae4c6-4f69-31ba-bf1b-077df202b62c,Nocleg Nicea Polka,Nicea,http://dbpedia.org/resource/Nice,86.6,"(43.6963, 7.30745)"
http://data.linkedevents.org/location/03f1d466-db13-357c-84d1-7d8dcc442133,Stade du Ray / Musset,Stade du Ray,http://dbpedia.org/resource/Stade_du_Ray,86.6,"(43.7219, 7.26109)"
http://data.linkedevents.org/location/a832a7b1-977d-3dcd-aa55-5569a598997e,Union Locale CGT des Vallées du Paillon,Paillon,http://dbpedia.org/resource/Paillon,86.6,"(43.7411, 7.31094)"
http://data.linkedevents.org/location/f8d180bf-4d52-378b-9e26-95efa60926e8,Aeroport De Nice,Aéroport de Nice-Côte d'Azur,http://dbpedia.org/resource/Nice_Côte_d'Azur_Airport,86.4,"(43.7105, 7.21128)"
http://data.linkedevents.org/location/b84ee9f9-9614-3000-a06b-b6c602f2ec66,Carros Village,Carros,http://dbpedia.org/resource/Carros,86.4,"(43.6817, 7.22888)"
http://data.linkedevents.org/location/46b89dd0-0873-3ee4-91a0-7a3f2ec559b7,Nicea Location Rent,Nicea,http://dbpedia.org/resource/Nice,86.4,"(43.7046, 7.2633)"
http://data.linkedevents.org/location/26395251-6292-3c80-bf98-a606ba60d2f3,"Plage Promenades des Anglais, Nice",Promenade des Anglais,http://dbpedia.org/resource/Promenade_des_Anglais,86.4,"(43.6926, 7.25203)"
http://data.linkedevents.org/location/187a1240-83c5-3ddb-aedf-02b540410d21,Scm Notre Dame,Notre-Dame de Nice,http://dbpedia.org/resource/Notre-Dame_de_Nice,86.4,"(43.7042, 7.26798)"
http://data.linkedevents.org/location/af019ceb-f9a2-3dc8-8c44-3bc59d70dd7b,Avenue Notre Dame,Notre-Dame de Nice,http://dbpedia.org/resource/Notre-Dame_de_Nice,86.2,"(43.7043, 7.26793)"
http://data.linkedevents.org/location/f34082a2-fc3b-3491-9670-0a207f5c8aa0,Avenue Notre-Dame,Notre-Dame de Nice,http://dbpedia.org/resource/Notre-Dame_de_Nice,86.2,"(43.7045, 7.26874)"
http://data.linkedevents.org/location/f591774e-0d68-3f86-afcc-01bb86d4abbd,Cote De Azur,Open de Nice Côte d’Azur,http://dbpedia.org/resource/Open_de_Nice_Côte_d'Azur,86.2,"(43.6663, 7.18843)"
http://data.linkedevents.org/location/8edc813c-9624-3a4b-bb15-37128c677d9d,IA Des Alpes Maritimes,Drap (Alpes-Maritimes),http://dbpedia.org/resource/Drap,86.2,"(43.7396, 7.28693)"
http://data.linkedevents.org/location/4e0ee6be-a1c4-3073-8575-3d60f28a3da9,Bodyvip ST Laurent du Var,Saint-Laurent-du-Var,http://dbpedia.org/resource/Saint-Laurent-du-Var,86.0,"(43.6589, 7.19283)"
http://data.linkedevents.org/location/80d0a407-dac2-37cc-a527-8d242299b68f,Centragence - Le Nicea,Nicea,http://dbpedia.org/resource/Nice,86.0,"(43.6999, 7.28365)"
http://data.linkedevents.org/location/96ab0d60-97e4-3ee1-afbe-c221babd5b8d,"[u'Club Papillon', u'Papillon Strip club']",Paillon,http://dbpedia.org/resource/Paillon,86.0,"(43.6959, 7.27718)"
http://data.linkedevents.org/location/e352db2e-11ef-32de-98f9-80bc1c3c5813,Concert De Johnny Halliday Au Palais Nikaia - Nice,Palais Nikaia,http://dbpedia.org/resource/Palais_Nikaia,86.0,"(43.6786, 7.19898)"
http://data.linkedevents.org/location/6f53900f-4996-3afd-aaa5-43ce66bc0cea,Consolato Generale d'Italia a Nizza,Nizza,http://dbpedia.org/resource/Nice,86.0,"(43.7039, 7.2562)"
http://data.linkedevents.org/location/409cadb9-5d16-36cb-929c-76afa7c93672,UPA Alpes Maritimes,Drap (Alpes-Maritimes),http://dbpedia.org/resource/Drap,86.0,"(43.6613, 7.19557)"
http://data.linkedevents.org/location/701f6a7c-f053-3a7d-a7c8-ae542c3d9670,Ubaldi.com Literie Saint Laurent du Var,Saint-Laurent-du-Var,http://dbpedia.org/resource/Saint-Laurent-du-Var,86.0,"(43.6844, 7.18732)"
http://data.linkedevents.org/location/37fd926c-fc91-3c0e-9f21-3b42f20743bc,Universite de Nice,Université de Nice - Sophia Antipolis,http://dbpedia.org/resource/University_of_Nice_Sophia_Antipolis,86.0,"(43.6872, 7.22706)"
http://data.linkedevents.org/location/81e995f1-16bd-3203-900b-cfb4e6408df5,"[u'Universite de Nice', u'University De Nice']",Université de Nice - Sophia Antipolis,http://dbpedia.org/resource/University_of_Nice_Sophia_Antipolis,86.0,"(43.671, 7.20865)"
http://data.linkedevents.org/location/9e024b4b-ca09-36d1-9f54-07176b272c34,Universite de Nice,Université de Nice - Sophia Antipolis,http://dbpedia.org/resource/University_of_Nice_Sophia_Antipolis,86.0,"(43.7087, 7.28825)"
http://data.linkedevents.org/location/ed7c60c3-d3c6-3c43-967c-522dd1bab269,Universite de Nice,Université de Nice - Sophia Antipolis,http://dbpedia.org/resource/University_of_Nice_Sophia_Antipolis,86.0,"(43.7251, 7.28006)"
http://data.linkedevents.org/location/494f2cb3-2f1d-39e4-9834-4482d2a84a2c,Auron Station,Station Nice CP,http://dbpedia.org/resource/Gare_de_Nice_CP,85.8,"(43.7201, 7.25629)"
http://data.linkedevents.org/location/d2b287ed-eda6-3b82-9791-c7d0fa687f3d,Ristorante Portofino - Port de Saint Laurent du Var,Saint-Laurent-du-Var,http://dbpedia.org/resource/Saint-Laurent-du-Var,85.8,"(43.6734, 7.19027)"
http://data.linkedevents.org/location/057936bc-ce6b-3026-9e61-d264fdd5adae,Villa Micaro,Villa Arson,http://dbpedia.org/resource/Villa_Arson,85.8,"(43.6903, 7.32066)"
http://data.linkedevents.org/location/debfe13e-5d9c-3de1-941f-eb1c0377990d,"Acropolis ""the Swiming Pool""",Acropolis (Nice),http://dbpedia.org/resource/Palais_des_Congrès_Acropolis,85.6,"(43.7077, 7.28176)"
http://data.linkedevents.org/location/c2d66dd9-8533-3699-9576-b8fb602fe041,Clinique de Cimiez,Cimiez,http://dbpedia.org/resource/Cimiez,85.6,"(43.7111, 7.27295)"
http://data.linkedevents.org/location/43f2f5cf-a721-3ed6-aab4-de537db9cb6e,Driving School Acropolis,Acropolis (Nice),http://dbpedia.org/resource/Palais_des_Congrès_Acropolis,85.6,"(43.7034, 7.28357)"
http://data.linkedevents.org/location/00dcb2c1-8e1d-3de5-a560-da56c6be1a71,Location touristique Villefranche sur mer,Villefranche-sur-Mer,http://dbpedia.org/resource/Villefranche-sur-Mer,85.6,"(43.7086, 7.31342)"
http://data.linkedevents.org/location/b5c8f8b0-759b-3979-a0ff-8d1fbe2c87ca,Notre-Dame du Var,Notre-Dame de Nice,http://dbpedia.org/resource/Notre-Dame_de_Nice,85.6,"(43.7542, 7.18398)"
http://data.linkedevents.org/location/e920d124-17ea-3ec0-b6d2-da5167bc1846,尼斯之星,尼斯,http://dbpedia.org/resource/Nice,85.6,"(43.7015, 7.26774)"
http://data.linkedevents.org/location/21e0dffa-cdef-3f46-8516-b682e80a6186,Conservatoire de Nice,Conservatoire à rayonnement régional de Nice,http://dbpedia.org/resource/Conservatory_of_Nice,85.4,"(43.7243, 7.27162)"
http://data.linkedevents.org/location/ef4ffd7d-2ad3-30f2-b983-25fbf49b0a19,L'Atol St Laurent Du Var,Saint-Laurent-du-Var,http://dbpedia.org/resource/Saint-Laurent-du-Var,85.4,"(43.6578, 7.18696)"
http://data.linkedevents.org/location/ab7ac83e-2cd3-3fa3-afba-0577eb3e7540,Labazur Cimiez,Cimiez,http://dbpedia.org/resource/Cimiez,85.4,"(43.7242, 7.27591)"
http://data.linkedevents.org/location/be7fac75-bb59-41fd-a626-4bd7e77f0a7f,"Acropolis, SALLE PICASSO",Acropolis (Nice),http://dbpedia.org/resource/Palais_des_Congrès_Acropolis,85.2,"(43.7039, 7.28034)"
http://data.linkedevents.org/location/4d16b319-6a71-31b9-bf78-459af945ec3f,Beach Club St Laurent Du Var,Saint-Laurent-du-Var,http://dbpedia.org/resource/Saint-Laurent-du-Var,85.2,"(43.6574, 7.18645)"
http://data.linkedevents.org/location/a313f9ea-2244-3d7b-a956-580f6f7f817f,Ctim Le Haut Cimiez,Cimiez,http://dbpedia.org/resource/Cimiez,85.2,"(43.7257, 7.27046)"
http://data.linkedevents.org/location/b730434f-fde6-3458-aff0-7776274ac7ea,LOU CASTELET Carros,Carros,http://dbpedia.org/resource/Carros,85.2,"(43.7544, 7.18921)"
http://data.linkedevents.org/location/f0ef6301-341e-38f5-a45f-e8100782c291,"Miami Beach by Nice, Promenade des Anglais.",Promenade des Anglais,http://dbpedia.org/resource/Promenade_des_Anglais,85.2,"(43.6867, 7.23782)"
http://data.linkedevents.org/location/a3403060-36d0-3f74-b8f8-52b2d486c33f,PACT des Alpes-Maritimes,Drap (Alpes-Maritimes),http://dbpedia.org/resource/Drap,85.2,"(43.7049, 7.27013)"
http://data.linkedevents.org/location/3721a2be-3082-35ff-bdc4-db2a4e171576,CARRE BLANC ST LAURENT DU VAR,Saint-Laurent-du-Var,http://dbpedia.org/resource/Saint-Laurent-du-Var,85.0,"(43.6599, 7.19782)"
http://data.linkedevents.org/location/adf208de-f86a-39c8-b94e-b9a7edfcfbe4,Eglise Notre Dame,Notre-Dame de Nice,http://dbpedia.org/resource/Notre-Dame_de_Nice,85.0,"(43.703, 7.2663)"
http://data.linkedevents.org/location/f2b75b76-e4b4-3c97-8d22-54086d1f2124,Esat Jean Medecin,Avenue Jean-Médecin,http://dbpedia.org/resource/Avenue_Jean_Médecin,85.0,"(43.6754, 7.20951)"
http://data.linkedevents.org/location/3c71eee8-20a1-31de-918a-b9934e40279e,Jalumapi Cimiez,Cimiez,http://dbpedia.org/resource/Cimiez,85.0,"(43.7027, 7.26742)"
http://data.linkedevents.org/location/3675d8e4-97d2-32da-9cd2-05895f43b6d4,"[u'Cabinet v\xe9t\xe9rinaire THERMOVET VILLEFRANCHE SUR MER', u'Kacprzak Stefan']",Villefranche-sur-Mer,http://dbpedia.org/resource/Villefranche-sur-Mer,85.0,"(43.7036, 7.30905)"
http://data.linkedevents.org/location/b492f9cc-78fe-3164-96f2-2f5a986b9691,Fédé Pêche Alpes Maritimes,Drap (Alpes-Maritimes),http://dbpedia.org/resource/Drap,84.8,"(43.6669, 7.18892)"
http://data.linkedevents.org/location/54f071d4-1386-3b7c-95cb-17917add9235,GERET Diana : Psychologue à Saint Laurent du Var,Saint-Laurent-du-Var,http://dbpedia.org/resource/Saint-Laurent-du-Var,84.8,"(43.6775, 7.1887)"
http://data.linkedevents.org/location/8653823d-b476-3e90-b964-f5a3dd801e1b,Restaurant Côte Sud...Cimiez,Cimiez,http://dbpedia.org/resource/Cimiez,84.8,"(43.7156, 7.2717)"
http://data.linkedevents.org/location/8f69727d-0a24-3c3a-87ae-66fd52b40cd7,a,IAE Nice,http://dbpedia.org/resource/IAE_Nice,84.8,"(43.7333, 7.21676)"
http://data.linkedevents.org/location/957bef9d-0aaa-3f25-ada9-913c6f49c7c3,Palais du château,Château de Nice,http://dbpedia.org/resource/Castle_of_Nice,84.6,"(43.6988, 7.28241)"
http://data.linkedevents.org/location/30a253b7-cd8e-302c-b1fd-33220ec0464d,Station Bp Nice Arenas,Station Nice CP,http://dbpedia.org/resource/Gare_de_Nice_CP,84.6,"(43.6697, 7.21706)"
http://data.linkedevents.org/location/c905f9e9-b34c-3163-8d7b-00a3e3facc5d,Vip Lounge Salon Du Cap Ferrat,Cap Ferrat,http://dbpedia.org/resource/Cap_Ferrat,84.6,"(43.6597, 7.20613)"
http://data.linkedevents.org/location/30d03ee2-418d-342b-84f9-565946663bf3,Allianz Riviera Stadium Ogc Nice Marseille,OGC Nice,http://dbpedia.org/resource/OGC_Nice,84.4,"(43.7059, 7.26502)"
http://data.linkedevents.org/location/8f924776-50cf-3f89-a528-370bc4572900,Cascade Du Château,Château de Nice,http://dbpedia.org/resource/Castle_of_Nice,84.4,"(43.6959, 7.27985)"
http://data.linkedevents.org/location/5947ae39-5e46-3957-b213-f3d78001eb52,Château de Luluka,Château de Nice,http://dbpedia.org/resource/Castle_of_Nice,84.4,"(43.6952, 7.25591)"
http://data.linkedevents.org/location/1048a4ce-8a3b-3686-ace0-9582a3a7d702,Immobilier Saint-Laurent-du-Var Solvimo,Saint-Laurent-du-Var,http://dbpedia.org/resource/Saint-Laurent-du-Var,84.4,"(43.6785, 7.18868)"
http://data.linkedevents.org/location/194f9733-3758-39ca-87a6-e5a2dba3956a,Allianz Riviera Salon Du 2 Roues,Allianz Riviera,http://dbpedia.org/resource/Allianz_Riviera,84.2,"(43.7044, 7.19062)"
http://data.linkedevents.org/location/0d519647-bc15-3723-8c9a-8871b25b6825,Ambubance du Paillon II,Paillon,http://dbpedia.org/resource/Paillon,84.2,"(43.7371, 7.2973)"
http://data.linkedevents.org/location/c6d44bc6-327c-3e34-95bc-3f0088ee91a2,Easy Immobilier Cimiez,Cimiez,http://dbpedia.org/resource/Cimiez,84.2,"(43.7152, 7.27158)"
http://data.linkedevents.org/location/8529de81-b5e4-3935-92b5-2556b5a91a6e,"[u'LPB Woman St Laurent du Var', u'Lpb']",Saint-Laurent-du-Var,http://dbpedia.org/resource/Saint-Laurent-du-Var,84.2,"(43.6588, 7.19537)"
http://data.linkedevents.org/location/046f42d1-6aa3-3aa5-9b9c-447211757313,PARC AUTO NOTRE DAME,Notre-Dame de Nice,http://dbpedia.org/resource/Notre-Dame_de_Nice,84.2,"(43.7038, 7.26703)"
http://data.linkedevents.org/location/cdae1156-99ec-339a-b15e-12bb3055e8bc,"Plage De Carras, Promenade Des Anglais, À Nice",Promenade des Anglais,http://dbpedia.org/resource/Promenade_des_Anglais,84.2,"(43.6701, 7.22253)"
http://data.linkedevents.org/location/d793d42b-80b5-3381-ae95-c3e0acfa9216,Buddha Villa Fabron Nice,Villa Arson,http://dbpedia.org/resource/Villa_Arson,84.0,"(43.6927, 7.22202)"
http://data.linkedevents.org/location/16b39494-a288-3e93-ba7f-44bdf0b94169,CAP VITAL SANTE ST LAURENT DU VAR,Saint-Laurent-du-Var,http://dbpedia.org/resource/Saint-Laurent-du-Var,84.0,"(43.6735, 7.19112)"
http://data.linkedevents.org/location/9a49f764-b2db-306d-bf80-3f953b433a7b,Les Delices de l'opera,Opéra de Nice,http://dbpedia.org/resource/Opéra_de_Nice,84.0,"(43.6959, 7.27291)"
http://data.linkedevents.org/location/9cc70579-d234-3c61-8481-b43aa8071773,Les Délices de l'Opéra,Opéra de Nice,http://dbpedia.org/resource/Opéra_de_Nice,84.0,"(43.6956, 7.27331)"
http://data.linkedevents.org/location/48f9f00d-edb1-3305-a746-53cd27131aa1,Quartier du Château,Château de Nice,http://dbpedia.org/resource/Castle_of_Nice,84.0,"(43.7445, 7.28806)"
http://data.linkedevents.org/location/6ce05477-43ff-3058-8350-069e5eb11877,Appartement Notre-Dame,Notre-Dame de Nice,http://dbpedia.org/resource/Notre-Dame_de_Nice,83.8,"(43.7046, 7.27063)"
http://data.linkedevents.org/location/ba61feaf-896c-315d-b185-8a20717ae1f1,Aéroport De Nice Provence Alpes Côté D'azur,Aéroport de Nice-Côte d'Azur,http://dbpedia.org/resource/Nice_Côte_d'Azur_Airport,83.8,"(43.6601, 7.20537)"
http://data.linkedevents.org/location/2e3d008a-bd0a-3b09-83bd-aa0cade5fd6a,"Chambre des Métiers et de l'Artisanat, Saint-Laurent-du-Var",Saint-Laurent-du-Var,http://dbpedia.org/resource/Saint-Laurent-du-Var,83.8,"(43.6592, 7.19374)"
http://data.linkedevents.org/location/a022224c-d7f8-3b61-8666-dd06a24e4700,Chateau de Mont Leuze,Château de Nice,http://dbpedia.org/resource/Castle_of_Nice,83.8,"(43.7188, 7.31567)"
http://data.linkedevents.org/location/3a5c9c01-fa50-3bba-b1c2-06a97dcc971f,"British Airways Lounge, Aeroport Nice Cote D'azur",Aéroport Nice Côte d'Azur,http://dbpedia.org/resource/Nice_Côte_d'Azur_Airport,83.6,"(43.665, 7.21302)"
http://data.linkedevents.org/location/419257dc-1f1e-3aa9-9154-2b54f69d2174,Gare ferroviaire de Nice Ville - Gare Thiers,Gare de Nice-Ville,http://dbpedia.org/resource/Gare_de_Nice-Ville,83.6,"(43.7034, 7.26042)"
http://data.linkedevents.org/location/4ee041ac-0190-3b15-806c-66ddc5bf9c99,Rayon de Soleil Côte d'Azur,Open de Nice Côte d’Azur,http://dbpedia.org/resource/Open_de_Nice_Côte_d'Azur,83.6,"(43.6905, 7.24308)"
http://data.linkedevents.org/location/e90602be-a48f-378f-9cbf-cf3ddb7c418d,Cagnes Sur Mer - Le Val Fleuri -,Cagnes-sur-Mer,http://dbpedia.org/resource/Cagnes-sur-Mer,83.4,"(43.6702, 7.16243)"
http://data.linkedevents.org/location/b428bc66-f437-370a-8c1f-046cbd7887e3,Etap Hôtel Nice Aéroport- Promenade des Anglais,Promenade des Anglais,http://dbpedia.org/resource/Promenade_des_Anglais,83.2,"(43.6782, 7.22936)"
http://data.linkedevents.org/location/6241e434-5b3a-374c-92f2-ec9e0957894a,Port De St. Laurent Du Var,Saint-Laurent-du-Var,http://dbpedia.org/resource/Saint-Laurent-du-Var,83.2,"(43.6691, 7.20809)"
http://data.linkedevents.org/location/83d66be6-10bb-3714-8949-9a4fb2dc609f,Brasserie Nouvelle Acropolis,Acropolis (Nice),http://dbpedia.org/resource/Palais_des_Congrès_Acropolis,83.0,"(43.7047, 7.2825)"
http://data.linkedevents.org/location/c15bd04d-ba8e-321f-a3a2-3806ab25d5dc,Parc De La Colline Du Chateau De Nice,Château de Nice,http://dbpedia.org/resource/Castle_of_Nice,83.0,"(43.6986, 7.26021)"
http://data.linkedevents.org/location/d9536850-32d7-39fe-9653-e5a5104dbed4,"Controle technique AutoSecuritas Saint-André de la Roche, Gvilo SAS",Saint-André-de-la-Roche,http://dbpedia.org/resource/Saint-André-de-la-Roche,82.8,"(43.7423, 7.28765)"
http://data.linkedevents.org/location/4872eb8f-d760-3c01-aa15-aafd13d6818d,Mynice Vacances - Résidence Port Nicea,Nicea,http://dbpedia.org/resource/Nice,82.8,"(43.6995, 7.28321)"
http://data.linkedevents.org/location/ec21f6e2-2569-364d-8cfa-0565ba4e890b,Villefranche-sur-Mer Vacation Rental,Villefranche-sur-Mer,http://dbpedia.org/resource/Villefranche-sur-Mer,82.8,"(43.7078, 7.31893)"
http://data.linkedevents.org/location/f443153c-3ce8-37ba-ba45-8ff9e89438cd,bmibaby check in desk Nice (Cote d'Azur) Airport,Nice Côte d'Azur Airport,http://dbpedia.org/resource/Nice_Côte_d'Azur_Airport,82.8,"(43.6594, 7.20574)"
http://data.linkedevents.org/location/46c4ad5f-e27c-3289-9b36-ae8a9c32fbda,Conseil Général Alpes-Maritimes,Drap (Alpes-Maritimes),http://dbpedia.org/resource/Drap,82.6,"(43.7025, 7.26727)"
http://data.linkedevents.org/location/5afd2809-14c6-3c95-97a4-d08a35418b92,Conseil Général Alpes-Maritimes,Drap (Alpes-Maritimes),http://dbpedia.org/resource/Drap,82.6,"(43.7043, 7.29044)"
http://data.linkedevents.org/location/9a4eb204-79c6-3d4c-b43a-19bf43494cf1,Conseil Général Alpes-Maritimes,Drap (Alpes-Maritimes),http://dbpedia.org/resource/Drap,82.6,"(43.7034, 7.25604)"
http://data.linkedevents.org/location/72022b31-bb25-3678-8d4c-4200cf8f484a,Conseil Général des Alpes-Maritimes,Drap (Alpes-Maritimes),http://dbpedia.org/resource/Drap,82.6,"(43.7177, 7.23084)"
http://data.linkedevents.org/location/e8f805ac-e357-382e-94ee-55bf608a8d2b,Jazz Rock St Laurent Du Var,Saint-Laurent-du-Var,http://dbpedia.org/resource/Saint-Laurent-du-Var,82.6,"(43.6817, 7.21618)"
http://data.linkedevents.org/location/95e62ba3-1dcc-3c03-b520-65bd384f4714,Tennis Club Du Val de Cimiez,Cimiez,http://dbpedia.org/resource/Cimiez,82.6,"(43.7261, 7.26966)"
http://data.linkedevents.org/location/677be70a-0e8f-32d6-827d-73e3672e2fda,Cabinet vétérinaire de Cimiez,Cimiez,http://dbpedia.org/resource/Cimiez,82.4,"(43.7054, 7.27057)"
http://data.linkedevents.org/location/2bc37579-4cd2-3ccd-b5e9-8f5645ae141f,Jardin de la Batterie du Cimetière Russe,Cimetière russe de Nice,"http://dbpedia.org/resource/Russian_Orthodox_Cemetery,_Nice",82.4,"(43.6806, 7.21411)"
http://data.linkedevents.org/location/089922e4-5909-3e8e-a0b1-b0950aad6fcf,Jardin du Monastere de Cimiez,Cimiez,http://dbpedia.org/resource/Cimiez,82.4,"(43.6956, 7.29045)"
http://data.linkedevents.org/location/8a0f2e01-b2bf-391c-a2e9-87b958ba542c,Jardinier o2 Alpes maritimes,Drap (Alpes-Maritimes),http://dbpedia.org/resource/Drap,82.4,"(43.693, 7.24913)"
http://data.linkedevents.org/location/1fee3472-b4e8-37cb-bc46-3f2cdf40ec0c,Le,IAE Nice,http://dbpedia.org/resource/IAE_Nice,82.4,"(43.726, 7.26241)"
http://data.linkedevents.org/location/86538125-db4a-3c4b-8acb-32eb972e70dd,Notre Dame du Perpétuel Secours,Notre-Dame de Nice,http://dbpedia.org/resource/Notre-Dame_de_Nice,82.4,"(43.6917, 7.2961)"
http://data.linkedevents.org/location/0f9b89fa-347f-3d6f-8c80-a9ee40f86d2d,Fédération PS des Alpes-Maritimes,Drap (Alpes-Maritimes),http://dbpedia.org/resource/Drap,82.2,"(43.7031, 7.2683)"
http://data.linkedevents.org/location/0c9f8d42-fa34-35fb-8566-54f8965b9c4a,Institut Spot Bien Etre Cimiez,Cimiez,http://dbpedia.org/resource/Cimiez,82.2,"(43.7241, 7.27373)"
http://data.linkedevents.org/location/fd062336-30b8-3b8f-b07a-243489cdaacf,National Chagall Museum Cimiez Nice,Cimiez,http://dbpedia.org/resource/Cimiez,82.2,"(43.6946, 7.25518)"
http://data.linkedevents.org/location/00e536e1-d088-3848-b820-62cb69aa514e,"Location kayak de mer Nice, Saint Jean Cap Ferrat",Saint-Jean-Cap-Ferrat,http://dbpedia.org/resource/Saint-Jean-Cap-Ferrat,82.0,"(43.6754, 7.2259)"
http://data.linkedevents.org/location/6d5fa0d0-a6f7-33bd-8ae5-ae7fe1a41033,Saint-Laurent-du-Var (06) - Page officielle,Saint-Laurent-du-Var,http://dbpedia.org/resource/Saint-Laurent-du-Var,82.0,"(43.6754, 7.19054)"
http://data.linkedevents.org/location/dff10453-db00-33f7-a8fe-e894bf78a877,Arrêt de tramway Borriglione,Tramway de Nice,http://dbpedia.org/resource/Nice_tramway,81.8,"(43.7119, 7.26192)"
http://data.linkedevents.org/location/0180ea4c-fdf9-3bac-8e22-e82388e7a15f,Jardin des Roses Arène de Cimiez,Cimiez,http://dbpedia.org/resource/Cimiez,81.8,"(43.72, 7.27776)"
http://data.linkedevents.org/location/7f68c071-f79a-3831-90ec-0c69afa0df14,Pétission pour sauver le marché de Saint Laurent du Var,Saint-Laurent-du-Var,http://dbpedia.org/resource/Saint-Laurent-du-Var,81.8,"(43.6756, 7.19201)"
http://data.linkedevents.org/location/51f6f227-77fe-3fb0-8edb-b3fd4ded560a,Stade de L'Oli Stade Municipal de Nice,Stade Municipal du Ray,http://dbpedia.org/resource/Stade_du_Ray,81.8,"(43.7324, 7.30878)"
http://data.linkedevents.org/location/78c14f27-1e45-30e8-93b3-95bba46545b8,Église St. Joseph. St. Laurent Du Var,Saint-Laurent-du-Var,http://dbpedia.org/resource/Saint-Laurent-du-Var,81.8,"(43.6755, 7.18624)"
http://data.linkedevents.org/location/8084f03f-6f7e-3f10-a5c9-6e09c8b06360,Journées Dentaires de Nice Côte d'Azur,Open de Nice Côte d’Azur,http://dbpedia.org/resource/Open_de_Nice_Côte_d'Azur,81.6,"(43.7065, 7.26644)"
http://data.linkedevents.org/location/20ef980d-a480-3a5f-8d4c-4dd49300ac2d,Le Cloitre Du Monastere De Cimiez,Cimiez,http://dbpedia.org/resource/Cimiez,81.6,"(43.6956, 7.27646)"
http://data.linkedevents.org/location/b7f00426-871c-3b8f-a131-fd90b80f9d0d,POMPES FUNEBRES Pascal LECLERC Saint Laurent du Var,Saint-Laurent-du-Var,http://dbpedia.org/resource/Saint-Laurent-du-Var,81.6,"(43.6704, 7.18992)"
http://data.linkedevents.org/location/eb27308a-5006-3a9c-a899-8673564b13f8,Stade Municipal Louis Richer,Stade Municipal du Ray,http://dbpedia.org/resource/Stade_du_Ray,81.6,"(43.7339, 7.30387)"
http://data.linkedevents.org/location/88cff42d-3196-3c62-bcd6-4881b7f0062a,Zone Industrielle St Laurent du Var,Saint-Laurent-du-Var,http://dbpedia.org/resource/Saint-Laurent-du-Var,81.6,"(43.6999, 7.18155)"
http://data.linkedevents.org/location/6e8a58ac-1f6d-3d50-aaec-9f7cb674c851,Eglise Notre Dame de Lourdes,Notre-Dame de Nice,http://dbpedia.org/resource/Notre-Dame_de_Nice,81.4,"(43.6695, 7.2203)"
http://data.linkedevents.org/location/aeed3303-a329-3f40-ae39-b8a79e5c84dd,"[u'Cimeti\xe8re Orthodoxe Russe de Caucade', u'Cimeti\xe8re Orthodoxe de Caucade']",Cimetière russe de Nice,"http://dbpedia.org/resource/Russian_Orthodox_Cemetery,_Nice",81.2,"(43.6762, 7.21571)"
http://data.linkedevents.org/location/dc49e474-795c-3f36-a447-cc018fb1946d,Home Child Des Alpes Maritimes,Drap (Alpes-Maritimes),http://dbpedia.org/resource/Drap,81.2,"(43.6877, 7.20128)"
http://data.linkedevents.org/location/347b13aa-0a70-353e-91cc-263c777ab51d,Station Vélo Bleu - Promenade des Anglais - Gambetta,Promenade des Anglais,http://dbpedia.org/resource/Promenade_des_Anglais,81.2,"(43.6938, 7.25646)"
http://data.linkedevents.org/location/794863b3-f518-3bb0-a994-d2a69dc9de13,Synd Pilotes Station Nice-villefranche,Station Nice-Ville,http://dbpedia.org/resource/Gare_de_Nice-Ville,81.2,"(43.6934, 7.28391)"
http://data.linkedevents.org/location/58a00265-fa07-3680-990c-b57bf6396b9e,Église Notre Dame de Bon Secours,Notre-Dame de Nice,http://dbpedia.org/resource/Notre-Dame_de_Nice,81.2,"(43.7062, 7.29387)"
http://data.linkedevents.org/location/f299c5ca-e4bc-304d-8e92-6b3e762b478b,"[u""Syndicat des H\xf4teliers de Nice C\xf4te D'Azur"", u""Syndicat des hoteliers Nice cote d'azur""]",Open de Nice Côte d’Azur,http://dbpedia.org/resource/Open_de_Nice_Côte_d'Azur,81.0,"(43.7029, 7.26382)"
http://data.linkedevents.org/location/157dd0e8-48b3-3398-b95f-5b6fb71fb10c,UNICEF Alpes Maritimes,Drap (Alpes-Maritimes),http://dbpedia.org/resource/Drap,81.0,"(43.7061, 7.2677)"
http://data.linkedevents.org/location/0229a7a3-9ebd-3489-907d-4476668003e4,Allianz Riviera. Salon Vip Baie Des Anges.,Allianz Riviera,http://dbpedia.org/resource/Allianz_Riviera,80.6,"(43.7051, 7.19241)"
http://data.linkedevents.org/location/7e50bca7-a24b-3cbc-9585-c11fbd33aac3,Avenue Cap De Croix Les Hauts De Cimiez,Cimiez,http://dbpedia.org/resource/Cimiez,80.6,"(43.7287, 7.27565)"
http://data.linkedevents.org/location/fa5f5a46-6e0e-3031-a170-540523cba811,Departement Des Alpes Maritimes,Aspremont (Alpes-Maritimes),"http://dbpedia.org/resource/Aspremont,_Alpes-Maritimes",80.6,"(43.7388, 7.28845)"
http://data.linkedevents.org/location/863cb91b-2121-321e-a867-f4d8f62d2619,Dir Dep Finances Pub Alpes Maritimes,Drap (Alpes-Maritimes),http://dbpedia.org/resource/Drap,80.6,"(43.6712, 7.22289)"
http://data.linkedevents.org/location/70e09663-9a13-342c-b33e-5084fbb1d2d4,Département des Alpes-Maritimes,Aspremont (Alpes-Maritimes),"http://dbpedia.org/resource/Aspremont,_Alpes-Maritimes",80.6,"(43.6701, 7.21383)"
http://data.linkedevents.org/location/073717c6-99b6-3e48-97a8-ad4db1d1fc4c,Château Saint-Antoine,Château Saint-Jeannet,http://dbpedia.org/resource/Château_Saint-Jeannet,80.4,"(43.6953, 7.23232)"
http://data.linkedevents.org/location/8ea0ebe2-4a64-3991-b3e4-5e577f0ba5cb,Eglise Du Vieux Village St Laurent Du Var,Saint-Laurent-du-Var,http://dbpedia.org/resource/Saint-Laurent-du-Var,80.4,"(43.6763, 7.19012)"
http://data.linkedevents.org/location/19d57ade-f46f-3c69-836c-3c5c14252778,尼斯火车站停车场,尼斯車站,http://dbpedia.org/resource/Gare_de_Nice-Ville,80.4,"(43.7038, 7.26087)"
http://data.linkedevents.org/location/881e21c6-d668-3553-915b-337685e07c83,A.D.A.P.E.I. des Alpes Maritimes,Drap (Alpes-Maritimes),http://dbpedia.org/resource/Drap,80.2,"(43.7138, 7.2839)"
http://data.linkedevents.org/location/915e9f28-0a24-3192-9bc3-ff0618688455,Alimentation Générale des Arènes de Cimiez,Cimiez,http://dbpedia.org/resource/Cimiez,80.2,"(43.7086, 7.27529)"
http://data.linkedevents.org/location/13994e4f-a369-3c34-b015-f505428e1865,Marseille : Notre Dame De La Garde,Notre-Dame de Nice,http://dbpedia.org/resource/Notre-Dame_de_Nice,80.2,"(43.705, 7.28039)"
http://data.linkedevents.org/location/a2ff4190-7764-3327-b4ab-6ccbda3a2220,Restaurant La Guinguette Gaudoise À La Gaude,La Gaude,http://dbpedia.org/resource/La_Gaude,80.2,"(43.7195, 7.25929)"
